CODIGO CLIENTE,cluster
1,2
2,2
3,1
4,1
5,1
6,1
7,1
8,5
9,1
10,5
11,5
12,5
13,5
14,5
15,5
16,5
17,5
18,5
19,5
20,5
21,5
22,5
23,5
24,0
25,2
26,5
27,5
28,4
29,4
30,4
31,5
32,5
33,3
34,5
35,3
36,4
37,2
38,2
39,3
40,1
41,0
42,4
43,4
44,4
45,4
46,4
47,4
48,4
49,4
50,4
51,4
52,4
53,4
54,4
55,4
56,4
57,3
58,1
59,1
60,3
61,5
62,5
63,5
64,5
65,5
66,5
67,5
68,5
69,1
70,2
71,3
72,3
73,3
74,5
75,2
76,0
77,3
78,3
79,2
80,3
81,0
82,4
83,2
84,2
85,4
86,4
87,4
88,4
89,4
90,4
91,4
92,4
93,0
94,0
95,0
96,0
97,2
98,0
99,3
100,0
101,0
102,3
103,0
104,0
105,3
106,0
107,0
108,3
109,0
110,0
111,3
112,0
113,0
114,0
115,0
116,0
117,0
118,0
119,0
120,2
121,2
122,0
123,0
124,0
125,0
126,0
127,0
128,0
129,0
130,0
131,0
132,0
133,3
134,0
135,0
136,0
137,4
138,0
139,0
140,4
141,0
142,0
143,0
144,0
145,0
146,0
147,0
148,4
149,4
150,0
151,0
152,0
153,0
154,0
155,0
156,0
157,0
158,0
159,0
160,0
161,4
162,0
163,0
164,0
165,0
166,0
167,0
168,0
169,0
170,0
171,0
172,0
173,0
174,4
175,4
176,0
177,4
178,0
179,4
180,0
181,2
182,4
183,0
184,0
185,4
186,0
187,0
188,0
189,0
190,0
191,0
192,0
193,0
194,0
195,0
196,0
197,0
198,4
199,0
200,0
201,0
202,0
203,0
204,0
205,4
206,0
207,0
208,0
209,0
210,0
211,0
212,0
213,0
214,0
215,0
216,0
217,0
218,0
219,0
220,0
221,0
222,0
223,0
224,0
225,0
226,0
227,0
228,0
229,4
230,0
231,0
232,0
233,0
234,4
235,0
236,0
237,0
238,4
239,0
240,0
241,0
242,0
243,0
244,0
245,3
246,0
247,0
248,0
249,4
250,0
251,0
252,0
253,0
254,0
255,0
256,0
257,0
258,0
259,0
260,0
261,0
262,0
263,0
264,0
265,0
266,0
267,0
268,0
269,0
270,0
271,0
272,0
273,0
274,0
275,0
276,0
277,0
278,0
279,0
280,0
281,0
282,0
283,0
284,0
285,0
286,0
287,0
288,0
289,0
290,0
291,0
292,0
293,0
294,0
295,0
296,0
297,0
298,0
299,0
300,4
301,3
302,3
303,0
304,0
305,0
306,4
307,4
308,0
309,4
310,4
311,0
312,0
313,0
314,0
315,0
316,0
317,3
318,3
319,0
320,4
321,0
322,0
323,4
324,4
325,0
326,4
327,0
328,0
329,3
330,0
331,0
332,0
333,0
334,0
335,0
336,4
337,4
338,0
339,0
340,0
341,0
342,0
343,4
344,0
345,4
346,3
347,4
348,0
349,0
350,0
351,0
352,0
353,3
354,0
355,4
356,0
357,0
358,0
359,0
360,0
361,0
362,0
363,0
364,0
365,0
366,4
367,0
368,0
369,0
370,0
371,0
372,0
373,0
374,0
375,0
376,4
377,0
378,0
379,0
380,0
381,0
382,0
383,0
384,0
385,0
386,0
387,0
388,0
389,0
390,0
391,0
392,0
393,0
394,0
395,0
396,0
397,3
398,2
399,0
400,4
401,0
402,3
403,0
404,2
405,0
406,0
407,4
408,0
409,0
410,0
411,3
412,0
413,0
414,0
415,0
416,0
417,0
418,0
419,0
420,0
421,0
422,0
423,3
424,0
425,0
426,3
427,0
428,1
429,3
430,0
431,0
432,0
433,4
434,1
435,1
436,0
437,3
438,1
439,3
440,1
441,1
442,5
443,1
444,1
445,1
446,5
447,1
448,1
449,1
450,1
451,1
452,1
453,1
454,1
455,1
456,3
457,1
458,1
459,3
460,3
461,1
462,3
463,1
464,3
465,1
466,1
467,1
468,1
469,2
470,0
471,4
472,3
473,4
474,2
475,3
476,3
477,1
478,0
479,0
480,1
481,5
482,5
483,5
484,2
485,4
486,3
487,0
488,0
489,0
490,4
491,0
492,0
493,0
494,0
495,0
496,0
497,0
498,0
499,0
500,0
501,4
502,4
503,0
504,4
505,0
506,4
507,4
508,0
509,0
510,0
511,4
512,4
513,4
514,4
515,4
516,4
517,4
518,0
519,4
520,0
521,4
522,0
523,4
524,4
525,0
526,4
527,4
528,0
529,4
530,0
531,0
532,0
533,0
534,0
535,0
536,0
537,0
538,3
539,0
540,0
541,0
542,0
543,0
544,0
545,0
546,0
547,4
548,0
549,4
550,0
551,0
552,0
553,0
554,0
555,0
556,0
557,4
558,0
559,0
560,0
561,0
562,0
563,0
564,0
565,0
566,0
567,0
568,0
569,0
570,0
571,0
572,0
573,4
574,0
575,4
576,4
577,4
578,4
579,0
580,0
581,0
582,0
583,0
584,0
585,0
586,0
587,0
588,0
589,0
590,0
591,0
592,0
593,0
594,4
595,0
596,0
597,0
598,0
599,3
600,4
601,0
602,0
603,4
604,0
605,0
606,0
607,0
608,0
609,0
610,0
611,0
612,0
613,0
614,4
615,4
616,0
617,0
618,0
619,0
620,0
621,0
622,0
623,0
624,3
625,4
626,0
627,0
628,0
629,0
630,0
631,0
632,4
633,0
634,0
635,0
636,0
637,0
638,0
639,0
640,4
641,0
642,0
643,0
644,0
645,0
646,0
647,0
648,0
649,0
650,0
651,0
652,0
653,0
654,0
655,0
656,0
657,0
658,4
659,0
660,0
661,0
662,3
663,0
664,0
665,0
666,4
667,4
668,0
669,0
670,0
671,0
672,0
673,0
674,0
675,0
676,0
677,0
678,4
679,0
680,4
681,0
682,0
683,0
684,4
685,0
686,0
687,0
688,0
689,0
690,0
691,0
692,0
693,0
694,0
695,0
696,0
697,0
698,0
699,0
700,0
701,0
702,0
703,0
704,0
705,0
706,0
707,0
708,0
709,0
710,0
711,0
712,3
713,0
714,0
715,0
716,0
717,0
718,0
719,0
720,0
721,0
722,0
723,0
724,0
725,0
726,0
727,0
728,0
729,0
730,0
731,0
732,4
733,4
734,0
735,0
736,0
737,0
738,0
739,0
740,0
741,0
742,4
743,0
744,4
745,4
746,4
747,0
748,0
749,0
750,0
751,0
752,0
753,4
754,0
755,0
756,0
757,0
758,4
759,4
760,0
761,4
762,0
763,0
764,0
765,0
766,0
767,0
768,0
769,0
770,4
771,0
772,0
773,0
774,4
775,0
776,4
777,4
778,4
779,0
780,0
781,4
782,0
783,2
784,2
785,0
786,0
787,2
788,0
789,2
790,2
791,2
792,2
793,2
794,0
795,2
796,2
797,2
798,2
799,2
800,0
801,2
802,2
803,0
804,2
805,2
806,2
807,0
808,2
809,4
810,0
811,0
812,0
813,0
814,0
815,0
816,0
817,4
818,0
819,4
820,4
821,0
822,0
823,0
824,0
825,0
826,4
827,0
828,4
829,4
830,4
831,0
832,0
833,4
834,0
835,4
836,0
837,0
838,0
839,0
840,0
841,0
842,0
843,4
844,0
845,2
846,4
847,0
848,0
849,0
850,0
851,3
852,0
853,0
854,4
855,0
856,0
857,0
858,0
859,0
860,0
861,0
862,0
863,0
864,0
865,0
866,3
867,3
868,0
869,0
870,4
871,4
872,0
873,0
874,0
875,0
876,4
877,0
878,3
879,3
880,0
881,0
882,0
883,0
884,0
885,0
886,0
887,0
888,4
889,0
890,3
891,3
892,0
893,0
894,4
895,0
896,4
897,0
898,0
899,0
900,0
901,3
902,0
903,0
904,0
905,3
906,0
907,0
908,0
909,4
910,0
911,0
912,0
913,0
914,0
915,0
916,0
917,4
918,2
919,0
920,0
921,4
922,0
923,0
924,0
925,3
926,0
927,0
928,0
929,0
930,4
931,0
932,0
933,0
934,0
935,0
936,3
937,4
938,0
939,3
940,0
941,0
942,0
943,0
944,0
945,0
946,0
947,0
948,0
949,0
950,0
951,0
952,4
953,0
954,4
955,0
956,0
957,0
958,3
959,3
960,3
961,0
962,0
963,0
964,0
965,0
966,4
967,0
968,0
969,0
970,4
971,4
972,4
973,4
974,4
975,4
976,0
977,4
978,0
979,0
980,0
981,4
982,4
983,0
984,4
985,0
986,0
987,0
988,0
989,0
990,4
991,0
992,4
993,4
994,0
995,0
996,4
997,0
998,4
999,4
1000,4
1001,4
1002,0
1003,0
1004,4
1005,4
1006,0
1007,4
1008,4
1009,4
1010,4
1011,4
1012,4
1013,0
1014,4
1015,4
1016,0
1017,4
1018,3
1019,0
1020,0
1021,0
1022,0
1023,0
1024,0
1025,4
1026,0
1027,0
1028,4
1029,0
1030,0
1031,0
1032,0
1033,4
1034,4
1035,4
1036,0
1037,4
1038,0
1039,0
1040,0
1041,4
1042,4
1043,0
1044,4
1045,0
1046,4
1047,0
1048,0
1049,0
1050,4
1051,4
1052,0
1053,4
1054,4
1055,0
1056,0
1057,0
1058,0
1059,4
1060,0
1061,0
1062,0
1063,0
1064,4
1065,0
1066,4
1067,0
1068,0
1069,0
1070,0
1071,0
1072,0
1073,0
1074,0
1075,0
1076,4
1077,0
1078,4
1079,0
1080,0
1081,4
1082,4
1083,0
1084,0
1085,4
1086,4
1087,0
1088,0
1089,4
1090,0
1091,4
1092,0
1093,4
1094,0
1095,0
1096,4
1097,4
1098,4
1099,0
1100,4
1101,0
1102,0
1103,0
1104,0
1105,0
1106,0
1107,0
1108,0
1109,0
1110,0
1111,0
1112,0
1113,0
1114,0
1115,4
1116,0
1117,4
1118,0
1119,4
1120,4
1121,0
1122,0
1123,0
1124,0
1125,4
1126,4
1127,0
1128,0
1129,0
1130,4
1131,4
1132,4
1133,4
1134,0
1135,4
1136,4
1137,4
1138,4
1139,0
1140,0
1141,0
1142,4
1143,0
1144,4
1145,4
1146,0
1147,0
1148,0
1149,4
1150,0
1151,4
1152,4
1153,4
1154,4
1155,4
1156,0
1157,0
1158,4
1159,4
1160,4
1161,4
1162,4
1163,0
1164,0
1165,4
1166,0
1167,0
1168,0
1169,0
1170,0
1171,0
1172,0
1173,0
1174,0
1175,4
1176,0
1177,0
1178,0
1179,0
1180,0
1181,0
1182,0
1183,0
1184,0
1185,0
1186,0
1187,0
1188,0
1189,0
1190,4
1191,0
1192,0
1193,0
1194,0
1195,0
1196,0
1197,0
1198,0
1199,0
1200,0
1201,0
1202,0
1203,0
1204,0
1205,4
1206,0
1207,0
1208,0
1209,0
1210,0
1211,0
1212,0
1213,0
1214,0
1215,0
1216,0
1217,0
1218,0
1219,0
1220,0
1221,4
1222,0
1223,0
1224,0
1225,0
1226,0
1227,3
1228,0
1229,3
1230,0
1231,0
1232,3
1233,0
1234,0
1235,0
1236,0
1237,0
1238,0
1239,0
1240,0
1241,0
1242,0
1243,0
1244,0
1245,0
1246,0
1247,0
1248,0
1249,0
1250,0
1251,0
1252,0
1253,0
1254,0
1255,0
1256,4
1257,0
1258,0
1259,0
1260,0
1261,0
1262,0
1263,0
1264,0
1265,0
1266,0
1267,0
1268,0
1269,0
1270,4
1271,0
1272,0
1273,0
1274,0
1275,4
1276,0
1277,0
1278,0
1279,0
1280,0
1281,0
1282,0
1283,0
1284,0
1285,4
1286,0
1287,0
1288,0
1289,0
1290,0
1291,0
1292,0
1293,0
1294,0
1295,0
1296,0
1297,0
1298,0
1299,0
1300,0
1301,0
1302,0
1303,0
1304,0
1305,0
1306,0
1307,0
1308,0
1309,0
1310,0
1311,0
1312,0
1313,0
1314,0
1315,0
1316,0
1317,0
1318,0
1319,0
1320,0
1321,0
1322,0
1323,4
1324,4
1325,0
1326,0
1327,0
1328,0
1329,0
1330,0
1331,0
1332,0
1333,0
1334,4
1335,3
1336,3
1337,2
1338,2
1339,3
1340,4
1341,0
1342,2
1343,0
1344,2
1345,0
1346,3
1347,3
1348,3
1349,0
1350,2
1351,0
1352,4
1353,0
1354,4
1355,3
1356,0
1357,4
1358,0
1359,0
1360,0
1361,0
1362,4
1363,4
1364,4
1365,2
1366,4
1367,4
1368,2
1369,0
1370,0
1371,0
1372,0
1373,0
1374,4
1375,4
1376,4
1377,0
1378,0
1379,0
1380,0
1381,0
1382,0
1383,0
1384,4
1385,0
1386,4
1387,4
1388,4
1389,0
1390,4
1391,4
1392,4
1393,0
1394,0
1395,0
1396,0
1397,0
1398,4
1399,0
1400,0
1401,4
1402,4
1403,0
1404,4
1405,0
1406,0
1407,0
1408,4
1409,4
1410,4
1411,4
1412,4
1413,4
1414,0
1415,4
1416,0
1417,4
1418,0
1419,0
1420,0
1421,0
1422,3
1423,0
1424,2
1425,0
1426,0
1427,2
1428,0
1429,0
1430,0
1431,0
1432,0
1433,2
1434,4
1435,0
1436,3
1437,3
1438,3
1439,3
1440,3
1441,3
1442,4
1443,0
1444,0
1445,2
1446,2
1447,2
1448,2
1449,0
1450,0
1451,0
1452,0
1453,0
1454,0
1455,0
1456,0
1457,3
1458,3
1459,4
1460,3
1461,4
1462,3
1463,0
1464,0
1465,2
1466,0
1467,3
1468,0
1469,0
1470,0
1471,0
1472,0
1473,0
1474,0
1475,4
1476,0
1477,4
1478,4
1479,0
1480,0
1481,0
1482,2
1483,0
1484,0
1485,0
1486,4
1487,0
1488,4
1489,4
1490,3
1491,4
1492,0
1493,4
1494,4
1495,2
1496,4
1497,0
1498,0
1499,0
1500,0
1501,3
1502,0
1503,0
1504,2
1505,2
1506,4
1507,0
1508,3
1509,2
1510,0
1511,4
1512,4
1513,0
1514,0
1515,0
1516,0
1517,0
1518,4
1519,4
1520,4
1521,4
1522,4
1523,4
1524,0
1525,0
1526,0
1527,0
1528,4
1529,4
1530,0
1531,0
1532,0
1533,0
1534,0
1535,0
1536,0
1537,0
1538,4
1539,0
1540,4
1541,0
1542,0
1543,0
1544,4
1545,3
1546,0
1547,2
1548,2
1549,3
1550,0
1551,0
1552,0
1553,2
1554,4
1555,0
1556,0
1557,3
1558,2
1559,4
1560,2
1561,0
1562,2
1563,0
1564,2
1565,4
1566,0
1567,2
1568,4
1569,4
1570,4
1571,0
1572,0
1573,4
1574,0
1575,0
1576,4
1577,4
1578,0
1579,0
1580,0
1581,3
1582,4
1583,4
1584,0
1585,4
1586,0
1587,4
1588,3
1589,4
1590,4
1591,4
1592,0
1593,0
1594,4
1595,0
1596,0
1597,4
1598,0
1599,0
1600,4
1601,0
1602,4
1603,0
1604,4
1605,0
1606,0
1607,4
1608,0
1609,0
1610,0
1611,3
1612,0
1613,4
1614,0
1615,4
1616,4
1617,3
1618,0
1619,4
1620,0
1621,0
1622,4
1623,0
1624,4
1625,4
1626,4
1627,2
1628,3
1629,2
1630,3
1631,2
1632,0
1633,3
1634,0
1635,0
1636,0
1637,0
1638,2
1639,0
1640,0
1641,0
1642,0
1643,0
1644,0
1645,0
1646,0
1647,4
1648,2
1649,2
1650,2
1651,4
1652,4
1653,4
1654,0
1655,2
1656,0
1657,0
1658,2
1659,2
1660,0
1661,2
1662,2
1663,2
1664,2
1665,4
1666,0
1667,4
1668,4
1669,0
1670,4
1671,0
1672,4
1673,2
1674,0
1675,0
1676,0
1677,0
1678,0
1679,4
1680,0
1681,0
1682,0
1683,3
1684,3
1685,3
1686,4
1687,2
1688,2
1689,2
1690,2
1691,2
1692,0
1693,0
1694,0
1695,0
1696,0
1697,0
1698,0
1699,2
1700,0
1701,4
1702,4
1703,0
1704,0
1705,2
1706,4
1707,0
1708,0
1709,3
1710,4
1711,0
1712,4
1713,3
1714,0
1715,4
1716,0
1717,0
1718,4
1719,0
1720,3
1721,2
1722,4
1723,0
1724,0
1725,0
1726,3
1727,0
1728,0
1729,0
1730,2
1731,2
1732,2
1733,0
1734,2
1735,2
1736,4
1737,0
1738,4
1739,2
1740,0
1741,0
1742,3
1743,0
1744,2
1745,0
1746,0
1747,0
1748,0
1749,0
1750,4
1751,0
1752,0
1753,2
1754,0
1755,0
1756,0
1757,0
1758,4
1759,0
1760,0
1761,0
1762,0
1763,2
1764,2
1765,2
1766,2
1767,0
1768,2
1769,2
1770,2
1771,2
1772,2
1773,2
1774,2
1775,2
1776,2
1777,2
1778,0
1779,0
1780,2
1781,2
1782,2
1783,2
1784,2
1785,2
1786,2
1787,2
1788,2
1789,2
1790,2
1791,2
1792,2
1793,2
1794,2
1795,0
1796,0
1797,3
1798,0
1799,4
1800,0
1801,0
1802,4
1803,0
1804,4
1805,4
1806,4
1807,2
1808,2
1809,4
1810,4
1811,4
1812,4
1813,0
1814,0
1815,0
1816,4
1817,4
1818,4
1819,4
1820,0
1821,0
1822,4
1823,0
1824,0
1825,0
1826,0
1827,0
1828,0
1829,4
1830,0
1831,2
1832,2
1833,0
1834,3
1835,0
1836,2
1837,0
1838,3
1839,4
1840,3
1841,2
1842,2
1843,2
1844,2
1845,2
1846,2
1847,2
1848,2
1849,2
1850,2
1851,2
1852,2
1853,2
1854,2
1855,2
1856,2
1857,2
1858,2
1859,2
1860,2
1861,2
1862,2
1863,2
1864,2
1865,2
1866,2
1867,2
1868,2
1869,2
1870,2
1871,2
1872,2
1873,3
1874,2
1875,0
1876,2
1877,4
1878,4
1879,4
1880,3
1881,0
1882,4
1883,0
1884,4
1885,4
1886,0
1887,0
1888,2
1889,2
1890,2
1891,2
1892,0
1893,0
1894,0
1895,0
1896,0
1897,0
1898,0
1899,0
1900,0
1901,0
1902,0
1903,4
1904,0
1905,0
1906,4
1907,0
1908,0
1909,4
1910,4
1911,2
1912,0
1913,0
1914,4
1915,4
1916,0
1917,0
1918,3
1919,0
1920,0
1921,0
1922,0
1923,0
1924,0
1925,2
1926,0
1927,0
1928,2
1929,2
1930,2
1931,0
1932,0
1933,3
1934,2
1935,4
1936,2
1937,0
1938,0
1939,2
1940,2
1941,2
1942,2
1943,2
1944,2
1945,2
1946,2
1947,2
1948,2
1949,2
1950,2
1951,2
1952,2
1953,2
1954,2
1955,2
1956,2
1957,2
1958,2
1959,2
1960,2
1961,2
1962,2
1963,2
1964,2
1965,2
1966,2
1967,2
1968,2
1969,2
1970,2
1971,2
1972,2
1973,2
1974,2
1975,2
1976,2
1977,2
1978,2
1979,2
1980,2
1981,2
1982,2
1983,2
1984,2
1985,2
1986,2
1987,2
1988,2
1989,2
1990,2
1991,2
1992,2
1993,2
1994,2
1995,2
1996,2
1997,2
1998,2
1999,2
2000,2
2001,2
2002,2
2003,2
2004,2
2005,2
2006,2
2007,4
2008,0
2009,3
2010,4
2011,3
2012,0
2013,0
2014,4
2015,4
2016,0
2017,0
2018,2
2019,0
2020,4
2021,0
2022,0
2023,0
2024,2
2025,0
2026,0
2027,4
2028,4
2029,4
2030,4
2031,4
2032,0
2033,0
2034,4
2035,4
2036,0
2037,4
2038,4
2039,0
2040,0
2041,0
2042,0
2043,0
2044,0
2045,0
2046,0
2047,0
2048,4
2049,0
2050,0
2051,0
2052,0
2053,0
2054,0
2055,3
2056,0
2057,0
2058,0
2059,0
2060,0
2061,0
2062,0
2063,4
2064,0
2065,0
2066,4
2067,4
2068,4
2069,0
2070,4
2071,4
2072,2
2073,0
2074,0
2075,0
2076,0
2077,0
2078,0
2079,0
2080,0
2081,0
2082,0
2083,3
2084,0
2085,0
2086,0
2087,2
2088,2
2089,0
2090,0
2091,0
2092,0
2093,4
2094,0
2095,2
2096,0
2097,2
2098,0
2099,4
2100,0
2101,0
2102,2
2103,2
2104,2
2105,2
2106,4
2107,0
2108,0
2109,0
2110,4
2111,2
2112,2
2113,0
2114,0
2115,0
2116,2
2117,0
2118,3
2119,3
2120,4
2121,0
2122,0
2123,0
2124,0
2125,0
2126,4
2127,0
2128,4
2129,4
2130,4
2131,2
2132,0
2133,0
2134,0
2135,0
2136,4
2137,2
2138,0
2139,0
2140,0
2141,4
2142,0
2143,0
2144,0
2145,0
2146,0
2147,0
2148,0
2149,3
2150,2
2151,3
2152,0
2153,0
2154,0
2155,2
2156,0
2157,0
2158,0
2159,0
2160,0
2161,2
2162,0
2163,2
2164,0
2165,0
2166,2
2167,0
2168,0
2169,2
2170,0
2171,0
2172,0
2173,0
2174,4
2175,0
2176,4
2177,0
2178,0
2179,0
2180,0
2181,0
2182,4
2183,4
2184,4
2185,3
2186,0
2187,0
2188,0
2189,0
2190,4
2191,4
2192,0
2193,4
2194,0
2195,4
2196,0
2197,0
2198,4
2199,0
2200,0
2201,0
2202,4
2203,0
2204,4
2205,0
2206,0
2207,0
2208,0
2209,0
2210,4
2211,0
2212,0
2213,4
2214,4
2215,0
2216,0
2217,4
2218,4
2219,4
2220,0
2221,4
2222,0
2223,0
2224,4
2225,4
2226,0
2227,0
2228,0
2229,0
2230,2
2231,0
2232,2
2233,4
2234,4
2235,0
2236,3
2237,0
2238,4
2239,2
2240,0
2241,0
2242,4
2243,4
2244,4
2245,4
2246,4
2247,4
2248,0
2249,4
2250,0
2251,0
2252,0
2253,0
2254,0
2255,0
2256,0
2257,0
2258,0
2259,0
2260,0
2261,3
2262,3
2263,0
2264,0
2265,0
2266,0
2267,4
2268,0
2269,0
2270,0
2271,2
2272,0
2273,4
2274,0
2275,4
2276,3
2277,0
2278,4
2279,4
2280,4
2281,4
2282,4
2283,0
2284,0
2285,2
2286,2
2287,0
2288,2
2289,2
2290,2
2291,2
2292,2
2293,2
2294,2
2295,0
2296,0
2297,2
2298,2
2299,2
2300,2
2301,3
2302,0
2303,0
2304,4
2305,0
2306,4
2307,4
2308,3
2309,0
2310,4
2311,0
2312,4
2313,0
2314,4
2315,4
2316,4
2317,4
2318,4
2319,4
2320,4
2321,4
2322,4
2323,4
2324,4
2325,4
2326,4
2327,4
2328,4
2329,4
2330,4
2331,4
2332,4
2333,4
2334,4
2335,4
2336,4
2337,4
2338,4
2339,4
2340,4
2341,2
2342,0
2343,0
2344,0
2345,0
2346,4
2347,2
2348,0
2349,0
2350,0
2351,0
2352,0
2353,0
2354,0
2355,0
2356,3
2357,4
2358,0
2359,0
2360,0
2361,0
2362,0
2363,0
2364,0
2365,0
2366,0
2367,3
2368,0
2369,3
2370,0
2371,4
2372,0
2373,0
2374,0
2375,0
2376,0
2377,4
2378,0
2379,0
2380,0
2381,0
2382,0
2383,0
2384,4
2385,4
2386,4
2387,0
2388,0
2389,0
2390,0
2391,0
2392,4
2393,0
2394,0
2395,0
2396,0
2397,0
2398,0
2399,0
2400,0
2401,0
2402,0
2403,3
2404,0
2405,4
2406,0
2407,0
2408,0
2409,0
2410,4
2411,0
2412,0
2413,4
2414,4
2415,0
2416,0
2417,0
2418,3
2419,4
2420,0
2421,0
2422,0
2423,4
2424,0
2425,0
2426,0
2427,0
2428,0
2429,0
2430,0
2431,0
2432,4
2433,0
2434,0
2435,0
2436,0
2437,4
2438,0
2439,4
2440,0
2441,4
2442,0
2443,0
2444,0
2445,0
2446,0
2447,0
2448,0
2449,4
2450,0
2451,4
2452,0
2453,0
2454,0
2455,4
2456,0
2457,3
2458,4
2459,0
2460,0
2461,0
2462,4
2463,0
2464,4
2465,0
2466,0
2467,4
2468,0
2469,0
2470,4
2471,4
2472,4
2473,3
2474,0
2475,4
2476,0
2477,0
2478,0
2479,0
2480,0
2481,0
2482,0
2483,4
2484,0
2485,0
2486,3
2487,0
2488,0
2489,0
2490,0
2491,4
2492,4
2493,4
2494,0
2495,4
2496,4
2497,4
2498,4
2499,0
2500,4
2501,4
2502,4
2503,0
2504,0
2505,0
2506,0
2507,0
2508,4
2509,0
2510,0
2511,0
2512,0
2513,0
2514,0
2515,0
2516,0
2517,4
2518,0
2519,4
2520,4
2521,4
2522,0
2523,0
2524,0
2525,4
2526,0
2527,4
2528,4
2529,4
2530,4
2531,0
2532,4
2533,0
2534,0
2535,4
2536,4
2537,0
2538,0
2539,0
2540,4
2541,4
2542,4
2543,3
2544,4
2545,4
2546,0
2547,4
2548,0
2549,0
2550,0
2551,0
2552,4
2553,0
2554,0
2555,4
2556,3
2557,4
2558,4
2559,4
2560,3
2561,0
2562,0
2563,4
2564,0
2565,0
2566,3
2567,4
2568,0
2569,0
2570,0
2571,0
2572,3
2573,3
2574,4
2575,0
2576,0
2577,0
2578,3
2579,4
2580,0
2581,0
2582,2
2583,2
2584,2
2585,4
2586,4
2587,0
2588,4
2589,4
2590,4
2591,3
2592,4
2593,2
2594,2
2595,4
2596,0
2597,0
2598,4
2599,0
2600,4
2601,0
2602,0
2603,3
2604,0
2605,4
2606,0
2607,0
2608,4
2609,0
2610,4
2611,0
2612,3
2613,3
2614,4
2615,0
2616,4
2617,2
2618,4
2619,0
2620,4
2621,4
2622,4
2623,4
2624,4
2625,4
2626,4
2627,4
2628,4
2629,4
2630,4
2631,0
2632,0
2633,4
2634,4
2635,4
2636,0
2637,4
2638,4
2639,4
2640,4
2641,4
2642,4
2643,4
2644,4
2645,4
2646,0
2647,4
2648,4
2649,4
2650,4
2651,4
2652,4
2653,0
2654,4
2655,4
2656,4
2657,0
2658,4
2659,0
2660,0
2661,4
2662,4
2663,4
2664,4
2665,0
2666,3
2667,4
2668,0
2669,0
2670,4
2671,4
2672,0
2673,4
2674,0
2675,4
2676,4
2677,4
2678,0
2679,4
2680,4
2681,0
2682,4
2683,4
2684,4
2685,4
2686,4
2687,4
2688,4
2689,4
2690,4
2691,4
2692,4
2693,4
2694,4
2695,4
2696,4
2697,0
2698,4
2699,4
2700,4
2701,4
2702,4
2703,4
2704,4
2705,4
2706,0
2707,4
2708,4
2709,4
2710,4
2711,4
2712,4
2713,4
2714,4
2715,4
2716,4
2717,4
2718,4
2719,4
2720,4
2721,4
2722,4
2723,4
2724,4
2725,4
2726,4
2727,4
2728,0
2729,4
2730,4
2731,4
2732,4
2733,4
2734,4
2735,4
2736,4
2737,4
2738,4
2739,0
2740,4
2741,4
2742,4
2743,4
2744,4
2745,4
2746,4
2747,4
2748,4
2749,4
2750,0
2751,2
2752,2
2753,0
2754,0
2755,0
2756,0
2757,4
2758,0
2759,0
2760,0
2761,4
2762,0
2763,0
2764,0
2765,0
2766,0
2767,0
2768,4
2769,0
2770,0
2771,3
2772,0
2773,0
2774,0
2775,3
2776,0
2777,0
2778,0
2779,0
2780,0
2781,0
2782,0
2783,0
2784,0
2785,4
2786,3
2787,0
2788,4
2789,0
2790,0
2791,0
2792,0
2793,0
2794,0
2795,0
2796,0
2797,0
2798,0
2799,0
2800,0
2801,4
2802,0
2803,4
2804,0
2805,0
2806,4
2807,0
2808,0
2809,3
2810,0
2811,0
2812,0
2813,3
2814,0
2815,4
2816,0
2817,0
2818,4
2819,0
2820,4
2821,4
2822,0
2823,0
2824,0
2825,4
2826,0
2827,0
2828,0
2829,0
2830,0
2831,0
2832,4
2833,0
2834,4
2835,0
2836,0
2837,4
2838,4
2839,4
2840,4
2841,0
2842,0
2843,0
2844,0
2845,3
2846,0
2847,0
2848,0
2849,4
2850,3
2851,0
2852,0
2853,0
2854,0
2855,0
2856,0
2857,3
2858,0
2859,0
2860,4
2861,4
2862,3
2863,0
2864,0
2865,0
2866,4
2867,0
2868,4
2869,0
2870,0
2871,0
2872,4
2873,0
2874,3
2875,4
2876,0
2877,0
2878,0
2879,4
2880,3
2881,0
2882,4
2883,0
2884,0
2885,4
2886,0
2887,0
2888,0
2889,4
2890,4
2891,0
2892,0
2893,0
2894,0
2895,4
2896,4
2897,0
2898,0
2899,4
2900,0
2901,4
2902,0
2903,0
2904,0
2905,4
2906,4
2907,4
2908,0
2909,0
2910,0
2911,0
2912,0
2913,0
2914,0
2915,0
2916,0
2917,0
2918,0
2919,0
2920,0
2921,0
2922,4
2923,0
2924,0
2925,0
2926,4
2927,0
2928,0
2929,0
2930,0
2931,0
2932,0
2933,0
2934,0
2935,0
2936,0
2937,0
2938,4
2939,0
2940,4
2941,0
2942,0
2943,0
2944,0
2945,4
2946,0
2947,0
2948,0
2949,4
2950,0
2951,4
2952,0
2953,0
2954,0
2955,0
2956,0
2957,0
2958,0
2959,0
2960,0
2961,0
2962,0
2963,0
2964,0
2965,0
2966,0
2967,4
2968,4
2969,3
2970,0
2971,0
2972,4
2973,4
2974,0
2975,0
2976,4
2977,4
2978,4
2979,4
2980,0
2981,4
2982,4
2983,4
2984,4
2985,4
2986,4
2987,4
2988,4
2989,4
2990,4
2991,4
2992,4
2993,4
2994,0
2995,0
2996,0
2997,4
2998,4
2999,4
3000,4
3001,0
3002,4
3003,4
3004,0
3005,0
3006,0
3007,4
3008,4
3009,4
3010,4
3011,4
3012,0
3013,0
3014,0
3015,0
3016,4
3017,4
3018,0
3019,0
3020,0
3021,0
3022,0
3023,4
3024,4
3025,4
3026,0
3027,4
3028,0
3029,0
3030,4
3031,0
3032,4
3033,0
3034,4
3035,4
3036,0
3037,4
3038,0
3039,0
3040,4
3041,4
3042,0
3043,4
3044,4
3045,4
3046,4
3047,4
3048,0
3049,4
3050,0
3051,4
3052,4
3053,4
3054,4
3055,0
3056,0
3057,0
3058,4
3059,4
3060,0
3061,4
3062,2
3063,2
3064,3
3065,2
3066,2
3067,2
3068,4
3069,3
3070,2
3071,0
3072,2
3073,2
3074,2
3075,2
3076,2
3077,2
3078,2
3079,2
3080,2
3081,2
3082,2
3083,2
3084,2
3085,2
3086,2
3087,2
3088,2
3089,2
3090,5
3091,2
3092,2
3093,2
3094,2
3095,2
3096,2
3097,2
3098,2
3099,2
3100,2
3101,2
3102,2
3103,2
3104,2
3105,2
3106,2
3107,2
3108,2
3109,2
3110,2
3111,2
3112,2
3113,2
3114,2
3115,2
3116,2
3117,2
3118,2
3119,2
3120,2
3121,2
3122,2
3123,2
3124,2
3125,2
3126,2
3127,2
3128,2
3129,2
3130,2
3131,2
3132,2
3133,2
3134,2
3135,2
3136,2
3137,2
3138,2
3139,4
3140,0
3141,0
3142,3
3143,0
3144,0
3145,4
3146,0
3147,3
3148,0
3149,0
3150,4
3151,3
3152,0
3153,4
3154,4
3155,4
3156,4
3157,4
3158,4
3159,4
3160,4
3161,4
3162,4
3163,0
3164,4
3165,4
3166,4
3167,4
3168,4
3169,4
3170,4
3171,4
3172,4
3173,0
3174,4
3175,4
3176,4
3177,4
3178,4
3179,4
3180,4
3181,4
3182,4
3183,4
3184,4
3185,0
3186,0
3187,4
3188,3
3189,4
3190,0
3191,0
3192,2
3193,0
3194,4
3195,0
3196,0
3197,4
3198,4
3199,4
3200,4
3201,4
3202,0
3203,4
3204,4
3205,0
3206,4
3207,0
3208,3
3209,0
3210,0
3211,2
3212,0
3213,3
3214,3
3215,3
3216,0
3217,3
3218,0
3219,0
3220,0
3221,0
3222,0
3223,0
3224,4
3225,3
3226,4
3227,4
3228,2
3229,4
3230,4
3231,4
3232,0
3233,0
3234,0
3235,0
3236,0
3237,4
3238,4
3239,0
3240,0
3241,0
3242,4
3243,4
3244,0
3245,0
3246,0
3247,0
3248,0
3249,0
3250,0
3251,0
3252,0
3253,0
3254,0
3255,0
3256,0
3257,0
3258,0
3259,2
3260,0
3261,0
3262,3
3263,0
3264,0
3265,0
3266,0
3267,2
3268,0
3269,0
3270,0
3271,0
3272,0
3273,0
3274,0
3275,0
3276,0
3277,0
3278,0
3279,0
3280,0
3281,2
3282,2
3283,0
3284,0
3285,0
3286,4
3287,0
3288,0
3289,0
3290,4
3291,0
3292,4
3293,0
3294,4
3295,3
3296,0
3297,0
3298,0
3299,0
3300,0
3301,0
3302,0
3303,4
3304,3
3305,0
3306,0
3307,0
3308,3
3309,0
3310,4
3311,0
3312,0
3313,0
3314,0
3315,4
3316,0
3317,0
3318,4
3319,4
3320,4
3321,0
3322,4
3323,4
3324,0
3325,0
3326,4
3327,4
3328,0
3329,4
3330,4
3331,4
3332,4
3333,4
3334,4
3335,4
3336,0
3337,4
3338,3
3339,0
3340,3
3341,2
3342,4
3343,4
3344,2
3345,0
3346,0
3347,4
3348,0
3349,3
3350,4
3351,4
3352,3
3353,0
3354,0
3355,0
3356,4
3357,0
3358,0
3359,0
3360,4
3361,0
3362,0
3363,0
3364,4
3365,0
3366,3
3367,4
3368,4
3369,4
3370,2
3371,3
3372,4
3373,4
3374,0
3375,4
3376,0
3377,0
3378,4
3379,0
3380,0
3381,0
3382,4
3383,0
3384,4
3385,4
3386,3
3387,4
3388,2
3389,4
3390,3
3391,0
3392,4
3393,0
3394,4
3395,0
3396,0
3397,4
3398,4
3399,0
3400,4
3401,3
3402,0
3403,3
3404,0
3405,0
3406,4
3407,0
3408,0
3409,3
3410,4
3411,4
3412,4
3413,4
3414,0
3415,4
3416,0
3417,4
3418,4
3419,4
3420,4
3421,4
3422,0
3423,4
3424,4
3425,4
3426,0
3427,4
3428,4
3429,4
3430,4
3431,4
3432,4
3433,4
3434,4
3435,4
3436,4
3437,4
3438,3
3439,4
3440,4
3441,4
3442,4
3443,4
3444,4
3445,4
3446,4
3447,4
3448,4
3449,4
3450,4
3451,4
3452,4
3453,4
3454,0
3455,4
3456,4
3457,4
3458,4
3459,4
3460,4
3461,4
3462,4
3463,4
3464,4
3465,4
3466,4
3467,4
3468,4
3469,4
3470,4
3471,4
3472,0
3473,0
3474,0
3475,0
3476,4
3477,0
3478,0
3479,4
3480,4
3481,0
3482,3
3483,4
3484,4
3485,4
3486,4
3487,4
3488,4
3489,4
3490,4
3491,0
3492,0
3493,0
3494,0
3495,0
3496,0
3497,4
3498,0
3499,0
3500,0
3501,4
3502,0
3503,0
3504,0
3505,0
3506,0
3507,0
3508,0
3509,0
3510,0
3511,0
3512,0
3513,3
3514,0
3515,0
3516,0
3517,4
3518,0
3519,4
3520,4
3521,0
3522,0
3523,0
3524,4
3525,0
3526,0
3527,0
3528,0
3529,4
3530,0
3531,0
3532,0
3533,0
3534,0
3535,0
3536,0
3537,0
3538,0
3539,4
3540,0
3541,0
3542,0
3543,0
3544,0
3545,0
3546,0
3547,0
3548,0
3549,0
3550,0
3551,0
3552,0
3553,0
3554,0
3555,0
3556,3
3557,0
3558,0
3559,0
3560,0
3561,3
3562,0
3563,0
3564,0
3565,0
3566,0
3567,0
3568,0
3569,0
3570,3
3571,0
3572,0
3573,0
3574,4
3575,0
3576,0
3577,0
3578,4
3579,0
3580,0
3581,0
3582,0
3583,0
3584,0
3585,0
3586,0
3587,0
3588,4
3589,0
3590,0
3591,0
3592,0
3593,0
3594,0
3595,0
3596,0
3597,4
3598,4
3599,0
3600,0
3601,0
3602,0
3603,0
3604,4
3605,0
3606,4
3607,0
3608,0
3609,4
3610,0
3611,0
3612,0
3613,0
3614,0
3615,4
3616,0
3617,0
3618,0
3619,0
3620,4
3621,0
3622,0
3623,4
3624,4
3625,0
3626,4
3627,0
3628,0
3629,0
3630,0
3631,0
3632,3
3633,4
3634,4
3635,0
3636,3
3637,0
3638,0
3639,0
3640,4
3641,4
3642,0
3643,0
3644,0
3645,0
3646,0
3647,0
3648,0
3649,0
3650,0
3651,0
3652,0
3653,0
3654,0
3655,0
3656,0
3657,0
3658,0
3659,0
3660,4
3661,0
3662,0
3663,0
3664,0
3665,4
3666,0
3667,0
3668,4
3669,0
3670,0
3671,0
3672,0
3673,0
3674,4
3675,0
3676,0
3677,0
3678,0
3679,4
3680,0
3681,0
3682,0
3683,0
3684,0
3685,0
3686,4
3687,4
3688,0
3689,0
3690,0
3691,0
3692,0
3693,0
3694,0
3695,4
3696,0
3697,0
3698,0
3699,0
3700,0
3701,0
3702,4
3703,0
3704,0
3705,4
3706,0
3707,0
3708,0
3709,0
3710,0
3711,4
3712,0
3713,0
3714,4
3715,0
3716,0
3717,0
3718,0
3719,0
3720,4
3721,0
3722,0
3723,0
3724,4
3725,4
3726,0
3727,0
3728,0
3729,0
3730,0
3731,0
3732,0
3733,4
3734,4
3735,4
3736,0
3737,0
3738,0
3739,0
3740,0
3741,0
3742,0
3743,0
3744,0
3745,0
3746,0
3747,0
3748,0
3749,0
3750,0
3751,4
3752,4
3753,4
3754,0
3755,0
3756,0
3757,0
3758,4
3759,4
3760,4
3761,0
3762,0
3763,4
3764,4
3765,0
3766,0
3767,0
3768,0
3769,4
3770,0
3771,4
3772,0
3773,4
3774,4
3775,4
3776,4
3777,4
3778,0
3779,0
3780,0
3781,0
3782,0
3783,4
3784,0
3785,0
3786,4
3787,4
3788,0
3789,0
3790,0
3791,0
3792,4
3793,4
3794,0
3795,0
3796,0
3797,0
3798,4
3799,4
3800,4
3801,4
3802,4
3803,0
3804,4
3805,0
3806,0
3807,4
3808,4
3809,4
3810,0
3811,0
3812,0
3813,0
3814,0
3815,0
3816,0
3817,0
3818,4
3819,4
3820,4
3821,0
3822,0
3823,0
3824,0
3825,0
3826,0
3827,0
3828,4
3829,4
3830,4
3831,4
3832,4
3833,0
3834,0
3835,0
3836,0
3837,0
3838,0
3839,0
3840,4
3841,4
3842,4
3843,4
3844,4
3845,0
3846,4
3847,4
3848,4
3849,4
3850,4
3851,4
3852,4
3853,4
3854,0
3855,4
3856,0
3857,4
3858,0
3859,4
3860,0
3861,0
3862,0
3863,4
3864,0
3865,0
3866,4
3867,0
3868,0
3869,0
3870,4
3871,0
3872,0
3873,4
3874,0
3875,0
3876,4
3877,4
3878,0
3879,0
3880,4
3881,4
3882,0
3883,4
3884,4
3885,4
3886,0
3887,4
3888,0
3889,0
3890,4
3891,4
3892,0
3893,4
3894,0
3895,4
3896,4
3897,4
3898,0
3899,0
3900,0
3901,0
3902,4
3903,0
3904,3
3905,4
3906,4
3907,4
3908,0
3909,0
3910,0
3911,4
3912,4
3913,4
3914,4
3915,4
3916,4
3917,0
3918,4
3919,4
3920,4
3921,4
3922,4
3923,4
3924,0
3925,0
3926,4
3927,4
3928,4
3929,0
3930,4
3931,4
3932,0
3933,4
3934,4
3935,0
3936,4
3937,4
3938,4
3939,4
3940,4
3941,4
3942,4
3943,4
3944,4
3945,0
3946,4
3947,0
3948,4
3949,4
3950,4
3951,4
3952,4
3953,4
3954,4
3955,4
3956,0
3957,4
3958,4
3959,4
3960,4
3961,4
3962,0
3963,0
3964,4
3965,4
3966,4
3967,4
3968,4
3969,4
3970,4
3971,4
3972,4
3973,4
3974,4
3975,4
3976,4
3977,4
3978,4
3979,4
3980,4
3981,4
3982,4
3983,4
3984,4
3985,4
3986,4
3987,4
3988,4
3989,4
3990,4
3991,4
3992,4
3993,0
3994,0
3995,4
3996,4
3997,4
3998,4
3999,4
4000,4
4001,4
4002,4
4003,4
4004,4
4005,4
4006,4
4007,4
4008,4
4009,4
4010,4
4011,4
4012,4
4013,4
4014,4
4015,4
4016,4
4017,4
4018,4
4019,4
4020,4
4021,4
4022,4
4023,4
4024,4
4025,4
4026,4
4027,0
4028,4
4029,4
4030,4
4031,0
4032,0
4033,4
4034,0
4035,0
4036,3
4037,0
4038,4
4039,4
4040,4
4041,2
4042,0
4043,0
4044,4
4045,4
4046,4
4047,2
4048,2
4049,0
4050,4
4051,0
4052,0
4053,0
4054,0
4055,0
4056,0
4057,0
4058,0
4059,0
4060,0
4061,0
4062,0
4063,0
4064,0
4065,0
4066,2
4067,0
4068,0
4069,0
4070,4
4071,3
4072,3
4073,4
4074,0
4075,3
4076,0
4077,3
4078,2
4079,0
4080,0
4081,2
4082,2
4083,4
4084,2
4085,2
4086,0
4087,4
4088,4
4089,3
4090,0
4091,0
4092,4
4093,0
4094,0
4095,0
4096,0
4097,0
4098,3
4099,0
4100,0
4101,0
4102,2
4103,2
4104,0
4105,0
4106,2
4107,2
4108,2
4109,0
4110,0
4111,4
4112,2
4113,4
4114,3
4115,3
4116,4
4117,2
4118,4
4119,0
4120,2
4121,2
4122,0
4123,3
4124,4
4125,0
4126,4
4127,4
4128,0
4129,0
4130,0
4131,4
4132,0
4133,3
4134,0
4135,4
4136,0
4137,0
4138,4
4139,4
4140,0
4141,0
4142,4
4143,0
4144,4
4145,4
4146,0
4147,4
4148,4
4149,4
4150,0
4151,0
4152,0
4153,0
4154,0
4155,4
4156,4
4157,4
4158,4
4159,4
4160,4
4161,0
4162,0
4163,4
4164,4
4165,0
4166,4
4167,0
4168,0
4169,4
4170,0
4171,4
4172,4
4173,4
4174,4
4175,0
4176,0
4177,0
4178,0
4179,4
4180,4
4181,4
4182,4
4183,4
4184,4
4185,4
4186,0
4187,4
4188,4
4189,0
4190,4
4191,0
4192,0
4193,4
4194,0
4195,4
4196,4
4197,0
4198,0
4199,4
4200,0
4201,4
4202,0
4203,4
4204,4
4205,4
4206,0
4207,0
4208,0
4209,4
4210,0
4211,0
4212,4
4213,4
4214,4
4215,0
4216,0
4217,4
4218,4
4219,4
4220,4
4221,4
4222,4
4223,4
4224,4
4225,4
4226,4
4227,4
4228,4
4229,4
4230,0
4231,4
4232,4
4233,4
4234,4
4235,4
4236,4
4237,4
4238,4
4239,4
4240,4
4241,4
4242,4
4243,4
4244,4
4245,4
4246,4
4247,4
4248,4
4249,4
4250,0
4251,0
4252,4
4253,4
4254,4
4255,4
4256,4
4257,4
4258,4
4259,4
4260,4
4261,4
4262,4
4263,4
4264,4
4265,4
4266,3
4267,4
4268,4
4269,0
4270,0
4271,3
4272,0
4273,0
4274,4
4275,0
4276,0
4277,4
4278,4
4279,3
4280,4
4281,0
4282,2
4283,3
4284,0
4285,3
4286,0
4287,3
4288,2
4289,0
4290,0
4291,0
4292,0
4293,4
4294,0
4295,0
4296,0
4297,0
4298,0
4299,0
4300,0
4301,0
4302,0
4303,3
4304,0
4305,0
4306,4
4307,4
4308,4
4309,4
4310,0
4311,0
4312,0
4313,0
4314,4
4315,0
4316,4
4317,0
4318,4
4319,0
4320,4
4321,4
4322,4
4323,4
4324,3
4325,3
4326,0
4327,0
4328,0
4329,4
4330,4
4331,3
4332,0
4333,0
4334,0
4335,0
4336,4
4337,0
4338,4
4339,0
4340,0
4341,0
4342,2
4343,0
4344,0
4345,4
4346,4
4347,3
4348,4
4349,4
4350,0
4351,4
4352,0
4353,0
4354,0
4355,0
4356,4
4357,0
4358,4
4359,4
4360,0
4361,0
4362,0
4363,0
4364,0
4365,4
4366,4
4367,0
4368,0
4369,0
4370,4
4371,4
4372,4
4373,4
4374,0
4375,4
4376,4
4377,4
4378,3
4379,2
4380,4
4381,4
4382,0
4383,0
4384,0
4385,0
4386,0
4387,0
4388,4
4389,0
4390,4
4391,0
4392,0
4393,4
4394,0
4395,0
4396,0
4397,3
4398,4
4399,4
4400,4
4401,4
4402,4
4403,4
4404,4
4405,3
4406,0
4407,0
4408,0
4409,4
4410,3
4411,0
4412,0
4413,3
4414,0
4415,0
4416,0
4417,0
4418,0
4419,4
4420,0
4421,0
4422,0
4423,0
4424,4
4425,0
4426,3
4427,0
4428,4
4429,4
4430,4
4431,0
4432,4
4433,0
4434,0
4435,4
4436,4
4437,4
4438,4
4439,4
4440,4
4441,0
4442,0
4443,0
4444,0
4445,4
4446,4
4447,3
4448,4
4449,4
4450,4
4451,0
4452,4
4453,4
4454,4
4455,4
4456,2
4457,3
4458,4
4459,0
4460,4
4461,0
4462,4
4463,4
4464,4
4465,4
4466,4
4467,0
4468,0
4469,3
4470,0
4471,4
4472,0
4473,4
4474,0
4475,0
4476,3
4477,4
4478,4
4479,0
4480,3
4481,3
4482,4
4483,0
4484,0
4485,4
4486,4
4487,3
4488,2
4489,3
4490,0
4491,4
4492,4
4493,0
4494,0
4495,0
4496,0
4497,4
4498,2
4499,2
4500,4
4501,0
4502,0
4503,0
4504,0
4505,0
4506,3
4507,4
4508,0
4509,4
4510,4
4511,0
4512,4
4513,0
4514,4
4515,4
4516,4
4517,4
4518,4
4519,4
4520,4
4521,4
4522,0
4523,0
4524,0
4525,3
4526,0
4527,4
4528,4
4529,3
4530,3
4531,4
4532,0
4533,4
4534,0
4535,2
4536,0
4537,3
4538,0
4539,4
4540,2
4541,4
4542,4
4543,4
4544,2
4545,0
4546,0
4547,4
4548,4
4549,2
4550,4
4551,4
4552,4
4553,4
4554,4
4555,0
4556,0
4557,0
4558,4
4559,0
4560,4
4561,0
4562,0
4563,0
4564,0
4565,0
4566,3
4567,0
4568,0
4569,0
4570,0
4571,0
4572,0
4573,0
4574,0
4575,0
4576,0
4577,3
4578,0
4579,4
4580,0
4581,4
4582,3
4583,0
4584,4
4585,4
4586,4
4587,4
4588,4
4589,0
4590,0
4591,0
4592,0
4593,0
4594,0
4595,0
4596,0
4597,4
4598,0
4599,4
4600,0
4601,4
4602,0
4603,4
4604,4
4605,4
4606,4
4607,4
4608,2
4609,4
4610,2
4611,4
4612,4
4613,4
4614,0
4615,0
4616,0
4617,0
4618,0
4619,4
4620,4
4621,4
4622,0
4623,0
4624,0
4625,4
4626,4
4627,3
4628,0
4629,0
4630,4
4631,2
4632,4
4633,4
4634,4
4635,0
4636,0
4637,4
4638,4
4639,4
4640,4
4641,0
4642,3
4643,4
4644,0
4645,2
4646,2
4647,4
4648,2
4649,3
4650,4
4651,2
4652,2
4653,2
4654,2
4655,0
4656,0
4657,4
4658,4
4659,4
4660,0
4661,0
4662,0
4663,3
4664,4
4665,4
4666,4
4667,4
4668,0
4669,0
4670,0
4671,4
4672,0
4673,0
4674,4
4675,0
4676,0
4677,4
4678,2
4679,2
4680,2
4681,2
4682,2
4683,0
4684,0
4685,3
4686,0
4687,0
4688,4
4689,4
4690,2
4691,2
4692,2
4693,4
4694,2
4695,2
4696,4
4697,4
4698,0
4699,0
4700,0
4701,0
4702,3
4703,3
4704,2
4705,4
4706,0
4707,4
4708,4
4709,0
4710,4
4711,0
4712,0
4713,0
4714,0
4715,0
4716,0
4717,4
4718,4
4719,4
4720,4
4721,3
4722,0
4723,0
4724,4
4725,4
4726,0
4727,0
4728,0
4729,0
4730,0
4731,0
4732,0
4733,0
4734,0
4735,0
4736,0
4737,4
4738,4
4739,4
4740,0
4741,4
4742,0
4743,0
4744,0
4745,3
4746,0
4747,4
4748,4
4749,4
4750,4
4751,0
4752,4
4753,0
4754,4
4755,0
4756,0
4757,2
4758,4
4759,3
4760,2
4761,2
4762,2
4763,2
4764,0
4765,0
4766,0
4767,4
4768,4
4769,4
4770,4
4771,0
4772,4
4773,0
4774,0
4775,2
4776,3
4777,0
4778,0
4779,0
4780,0
4781,0
4782,0
4783,4
4784,4
4785,3
4786,0
4787,0
4788,4
4789,4
4790,2
4791,4
4792,2
4793,4
4794,3
4795,0
4796,0
4797,0
4798,4
4799,4
4800,4
4801,4
4802,4
4803,0
4804,0
4805,4
4806,0
4807,0
4808,0
4809,0
4810,0
4811,0
4812,0
4813,4
4814,4
4815,0
4816,4
4817,4
4818,4
4819,0
4820,3
4821,3
4822,4
4823,4
4824,4
4825,0
4826,0
4827,4
4828,0
4829,0
4830,0
4831,0
4832,3
4833,4
4834,0
4835,0
4836,3
4837,0
4838,0
4839,0
4840,0
4841,0
4842,0
4843,2
4844,0
4845,0
4846,4
4847,4
4848,0
4849,2
4850,4
4851,0
4852,0
4853,0
4854,0
4855,0
4856,0
4857,4
4858,4
4859,4
4860,4
4861,4
4862,4
4863,4
4864,4
4865,3
4866,0
4867,0
4868,0
4869,0
4870,0
4871,4
4872,0
4873,0
4874,0
4875,4
4876,2
4877,0
4878,3
4879,0
4880,4
4881,4
4882,4
4883,4
4884,4
4885,0
4886,0
4887,0
4888,4
4889,4
4890,4
4891,0
4892,0
4893,0
4894,0
4895,0
4896,0
4897,0
4898,0
4899,0
4900,0
4901,0
4902,0
4903,0
4904,0
4905,4
4906,0
4907,0
4908,0
4909,0
4910,0
4911,0
4912,0
4913,0
4914,0
4915,0
4916,4
4917,0
4918,0
4919,0
4920,4
4921,0
4922,0
4923,4
4924,4
4925,4
4926,0
4927,0
4928,0
4929,0
4930,0
4931,4
4932,0
4933,0
4934,0
4935,4
4936,0
4937,0
4938,0
4939,4
4940,0
4941,0
4942,0
4943,4
4944,0
4945,4
4946,0
4947,0
4948,0
4949,0
4950,0
4951,0
4952,4
4953,0
4954,0
4955,0
4956,0
4957,4
4958,4
4959,4
4960,4
4961,4
4962,4
4963,4
4964,4
4965,0
4966,0
4967,0
4968,0
4969,4
4970,0
4971,4
4972,4
4973,0
4974,4
4975,4
4976,4
4977,3
4978,0
4979,0
4980,0
4981,0
4982,4
4983,3
4984,2
4985,0
4986,4
4987,0
4988,0
4989,3
4990,2
4991,4
4992,3
4993,4
4994,0
4995,0
4996,0
4997,0
4998,0
4999,4
5000,0
5001,3
5002,3
5003,0
5004,4
5005,4
5006,4
5007,4
5008,4
5009,4
5010,0
5011,0
5012,0
5013,3
5014,0
5015,0
5016,0
5017,0
5018,0
5019,4
5020,4
5021,4
5022,0
5023,0
5024,0
5025,0
5026,0
5027,0
5028,0
5029,4
5030,0
5031,0
5032,0
5033,4
5034,2
5035,0
5036,2
5037,4
5038,3
5039,0
5040,0
5041,4
5042,0
5043,0
5044,2
5045,3
5046,2
5047,4
5048,0
5049,4
5050,4
5051,2
5052,3
5053,2
5054,0
5055,0
5056,4
5057,2
5058,0
5059,0
5060,2
5061,3
5062,3
5063,0
5064,2
5065,2
5066,4
5067,0
5068,2
5069,0
5070,4
5071,0
5072,2
5073,3
5074,3
5075,3
5076,0
5077,0
5078,0
5079,4
5080,0
5081,0
5082,4
5083,4
5084,4
5085,2
5086,0
5087,0
5088,0
5089,0
5090,0
5091,0
5092,3
5093,0
5094,4
5095,4
5096,4
5097,4
5098,3
5099,0
5100,0
5101,0
5102,0
5103,0
5104,0
5105,0
5106,0
5107,0
5108,4
5109,0
5110,4
5111,4
5112,0
5113,0
5114,0
5115,0
5116,3
5117,3
5118,4
5119,4
5120,4
5121,4
5122,4
5123,0
5124,0
5125,0
5126,0
5127,0
5128,4
5129,0
5130,0
5131,0
5132,2
5133,2
5134,4
5135,3
5136,3
5137,0
5138,0
5139,2
5140,0
5141,2
5142,0
5143,3
5144,0
5145,2
5146,0
5147,0
5148,2
5149,0
5150,0
5151,0
5152,0
5153,3
5154,0
5155,2
5156,0
5157,3
5158,2
5159,0
5160,0
5161,4
5162,0
5163,0
5164,0
5165,0
5166,3
5167,0
5168,0
5169,0
5170,0
5171,0
5172,3
5173,0
5174,0
5175,0
5176,0
5177,0
5178,0
5179,0
5180,0
5181,0
5182,0
5183,0
5184,0
5185,0
5186,3
5187,0
5188,0
5189,0
5190,0
5191,0
5192,0
5193,0
5194,0
5195,0
5196,0
5197,4
5198,4
5199,0
5200,0
5201,0
5202,0
5203,0
5204,0
5205,0
5206,4
5207,4
5208,4
5209,0
5210,4
5211,0
5212,0
5213,4
5214,0
5215,4
5216,4
5217,4
5218,0
5219,0
5220,4
5221,0
5222,4
5223,4
5224,0
5225,0
5226,4
5227,0
5228,0
5229,0
5230,0
5231,4
5232,4
5233,0
5234,0
5235,0
5236,0
5237,0
5238,0
5239,0
5240,4
5241,0
5242,0
5243,3
5244,4
5245,3
5246,0
5247,0
5248,2
5249,2
5250,2
5251,2
5252,2
5253,2
5254,0
5255,0
5256,0
5257,0
5258,0
5259,0
5260,0
5261,0
5262,0
5263,0
5264,0
5265,0
5266,0
5267,0
5268,0
5269,4
5270,4
5271,4
5272,4
5273,0
5274,4
5275,3
5276,3
5277,4
5278,4
5279,4
5280,0
5281,0
5282,0
5283,4
5284,4
5285,2
5286,0
5287,4
5288,0
5289,4
5290,0
5291,4
5292,0
5293,0
5294,0
5295,0
5296,0
5297,4
5298,3
5299,0
5300,0
5301,0
5302,5
5303,2
5304,0
5305,2
5306,0
5307,2
5308,0
5309,4
5310,0
5311,0
5312,3
5313,0
5314,4
5315,4
5316,0
5317,0
5318,0
5319,0
5320,3
5321,0
5322,4
5323,0
5324,4
5325,2
5326,2
5327,0
5328,2
5329,4
5330,0
5331,4
5332,0
5333,0
5334,0
5335,4
5336,0
5337,5
5338,3
5339,0
5340,0
5341,0
5342,3
5343,4
5344,4
5345,3
5346,3
5347,2
5348,2
5349,0
5350,0
5351,0
5352,4
5353,0
5354,0
5355,2
5356,3
5357,2
5358,4
5359,4
5360,3
5361,4
5362,2
5363,2
5364,2
5365,5
5366,5
5367,0
5368,3
5369,0
5370,4
5371,0
5372,2
5373,4
5374,3
5375,0
5376,3
5377,4
5378,0
5379,4
5380,4
5381,0
5382,2
5383,4
5384,0
5385,4
5386,4
5387,0
5388,4
5389,3
5390,2
5391,0
5392,4
5393,4
5394,4
5395,4
5396,0
5397,0
5398,0
5399,0
5400,4
5401,4
5402,0
5403,2
5404,4
5405,0
5406,2
5407,4
5408,0
5409,2
5410,0
5411,4
5412,4
5413,4
5414,4
5415,4
5416,0
5417,0
5418,4
5419,4
5420,4
5421,0
5422,4
5423,0
5424,0
5425,4
5426,4
5427,0
5428,4
5429,4
5430,4
5431,2
5432,4
5433,4
5434,0
5435,0
5436,0
5437,4
5438,4
5439,0
5440,2
5441,0
5442,0
5443,3
5444,0
5445,2
5446,2
5447,2
5448,2
5449,2
5450,2
5451,0
5452,0
5453,4
5454,2
5455,2
5456,2
5457,2
5458,2
5459,2
5460,2
5461,0
5462,4
5463,4
5464,4
5465,3
5466,0
5467,0
5468,4
5469,4
5470,4
5471,0
5472,0
5473,2
5474,2
5475,2
5476,2
5477,4
5478,2
5479,4
5480,2
5481,4
5482,0
5483,4
5484,2
5485,2
5486,2
5487,2
5488,2
5489,2
5490,2
5491,2
5492,2
5493,2
5494,2
5495,2
5496,2
5497,2
5498,2
5499,0
5500,0
5501,4
5502,4
5503,0
5504,4
5505,4
5506,4
5507,2
5508,2
5509,0
5510,4
5511,2
5512,2
5513,2
5514,2
5515,2
5516,0
5517,4
5518,2
5519,2
5520,2
5521,2
5522,2
5523,2
5524,2
5525,2
5526,2
5527,2
5528,2
5529,2
5530,2
5531,2
5532,2
5533,2
5534,2
5535,2
5536,2
5537,2
5538,2
5539,2
5540,2
5541,2
5542,2
5543,2
5544,2
5545,2
5546,2
5547,2
5548,2
5549,2
5550,2
5551,2
5552,2
5553,2
5554,2
5555,2
5556,2
5557,2
5558,2
5559,2
5560,2
5561,4
5562,0
5563,4
5564,2
5565,2
5566,2
5567,0
5568,0
5569,0
5570,3
5571,0
5572,0
5573,4
5574,0
5575,2
5576,3
5577,4
5578,4
5579,0
5580,0
5581,0
5582,0
5583,0
5584,0
5585,0
5586,0
5587,4
5588,3
5589,2
5590,0
5591,0
5592,0
5593,0
5594,2
5595,3
5596,0
5597,4
5598,4
5599,4
5600,3
5601,4
5602,4
5603,4
5604,0
5605,3
5606,0
5607,0
5608,0
5609,0
5610,4
5611,0
5612,4
5613,4
5614,4
5615,0
5616,0
5617,4
5618,4
5619,0
5620,4
5621,4
5622,4
5623,0
5624,4
5625,0
5626,0
5627,0
5628,4
5629,3
5630,2
5631,4
5632,4
5633,0
5634,4
5635,4
5636,4
5637,0
5638,0
5639,0
5640,4
5641,4
5642,0
5643,4
5644,4
5645,4
5646,4
5647,3
5648,4
5649,0
5650,4
5651,4
5652,4
5653,4
5654,4
5655,4
5656,4
5657,4
5658,4
5659,3
5660,0
5661,0
5662,0
5663,4
5664,0
5665,0
5666,0
5667,4
5668,0
5669,0
5670,4
5671,4
5672,0
5673,0
5674,4
5675,4
5676,4
5677,4
5678,4
5679,0
5680,4
5681,4
5682,0
5683,0
5684,4
5685,4
5686,4
5687,4
5688,0
5689,2
5690,4
5691,4
5692,2
5693,0
5694,0
5695,0
5696,4
5697,2
5698,2
5699,2
5700,2
5701,4
5702,2
5703,2
5704,2
5705,4
5706,5
5707,2
5708,0
5709,0
5710,0
5711,2
5712,4
5713,2
5714,2
5715,2
5716,2
5717,2
5718,5
5719,2
5720,2
5721,4
5722,4
5723,4
5724,4
5725,4
5726,2
5727,5
5728,5
5729,4
5730,4
5731,4
5732,4
5733,0
5734,4
5735,2
5736,2
5737,4
5738,4
5739,4
5740,4
5741,3
5742,0
5743,4
5744,3
5745,0
5746,0
5747,2
5748,0
5749,0
5750,3
5751,2
5752,2
5753,2
5754,4
5755,5
5756,0
5757,2
5758,2
5759,2
5760,0
5761,3
5762,0
5763,2
5764,4
5765,0
5766,0
5767,0
5768,0
5769,0
5770,0
5771,0
5772,0
5773,5
5774,2
5775,5
5776,3
5777,4
5778,4
5779,4
5780,4
5781,3
5782,0
5783,0
5784,4
5785,4
5786,4
5787,4
5788,4
5789,4
5790,0
5791,0
5792,4
5793,0
5794,0
5795,0
5796,0
5797,0
5798,0
5799,0
5800,4
5801,0
5802,0
5803,0
5804,4
5805,4
5806,4
5807,5
5808,2
5809,2
5810,0
5811,4
5812,4
5813,4
5814,3
5815,2
5816,4
5817,0
5818,0
5819,4
5820,2
5821,0
5822,0
5823,4
5824,2
5825,4
5826,0
5827,4
5828,0
5829,5
5830,5
5831,5
5832,5
5833,0
5834,4
5835,4
5836,5
5837,0
5838,4
5839,4
5840,4
5841,2
5842,5
5843,4
5844,0
5845,0
5846,2
5847,0
5848,2
5849,2
5850,5
5851,2
5852,2
5853,4
5854,0
5855,2
5856,0
5857,0
5858,0
5859,0
5860,2
5861,2
5862,2
5863,0
5864,0
5865,0
5866,0
5867,4
5868,2
5869,0
5870,2
5871,2
5872,0
5873,4
5874,4
5875,3
5876,0
5877,4
5878,4
5879,2
5880,0
5881,0
5882,2
5883,0
5884,2
5885,4
5886,0
5887,0
5888,2
5889,4
5890,4
5891,4
5892,4
5893,4
5894,3
5895,4
5896,3
5897,4
5898,0
5899,0
5900,2
5901,2
5902,2
5903,2
5904,2
5905,0
5906,0
5907,0
5908,0
5909,0
5910,4
5911,4
5912,2
5913,4
5914,2
5915,2
5916,5
5917,2
5918,0
5919,2
5920,4
5921,5
5922,2
5923,4
5924,0
5925,4
5926,4
5927,4
5928,4
5929,0
5930,0
5931,4
5932,4
5933,4
5934,0
5935,4
5936,5
5937,0
5938,3
5939,4
5940,4
5941,0
5942,0
5943,0
5944,4
5945,1
5946,2
5947,2
5948,3
5949,0
5950,5
5951,5
5952,0
5953,5
5954,5
5955,0
5956,4
5957,4
5958,4
5959,4
5960,5
5961,5
5962,5
5963,5
5964,5
5965,5
5966,5
5967,5
5968,5
5969,4
5970,4
5971,2
5972,5
5973,2
5974,5
5975,2
5976,5
5977,5
5978,2
5979,2
5980,2
5981,2
5982,5
5983,2
5984,5
5985,4
5986,4
5987,0
5988,2
5989,2
5990,5
5991,2
5992,2
5993,2
5994,0
5995,4
5996,1
5997,3
5998,4
5999,0
6000,4
6001,4
6002,4
6003,4
6004,4
6005,0
6006,0
6007,0
6008,4
6009,4
6010,0
6011,4
6012,4
6013,0
6014,4
6015,4
6016,0
6017,3
6018,0
6019,4
6020,4
6021,0
6022,3
6023,1
6024,5
6025,4
6026,2
6027,5
6028,5
6029,2
6030,5
6031,4
6032,4
6033,2
6034,5
6035,5
6036,1
6037,1
6038,2
6039,0
6040,4
6041,2
6042,2
6043,4
6044,2
6045,0
6046,1
6047,2
6048,0
6049,2
6050,4
6051,2
6052,2
6053,2
6054,5
6055,2
6056,5
6057,0
6058,5
6059,2
6060,2
6061,2
6062,5
6063,5
6064,5
6065,5
6066,0
6067,0
6068,1
6069,1
6070,0
6071,2
6072,2
6073,5
6074,0
6075,0
6076,5
6077,2
6078,4
6079,4
6080,0
6081,2
6082,2
6083,4
6084,4
6085,2
6086,2
6087,2
6088,1
6089,1
6090,2
6091,0
6092,2
6093,2
6094,3
6095,1
6096,4
6097,2
6098,4
6099,4
6100,2
6101,2
6102,2
6103,2
6104,1
6105,4
6106,2
6107,0
6108,1
6109,4
6110,0
6111,0
6112,4
6113,0
6114,0
6115,4
6116,4
6117,0
6118,4
6119,5
6120,5
6121,0
6122,4
6123,0
6124,4
6125,4
6126,4
6127,4
6128,0
6129,4
6130,4
6131,4
6132,4
6133,4
6134,0
6135,4
6136,0
6137,0
6138,0
6139,4
6140,5
6141,0
6142,5
6143,4
6144,4
6145,4
6146,4
6147,4
6148,4
6149,4
6150,0
6151,0
6152,4
6153,4
6154,0
6155,0
6156,0
6157,0
6158,0
6159,0
6160,0
6161,4
6162,4
6163,0
6164,0
6165,5
6166,1
6167,5
6168,5
6169,4
6170,1
6171,0
6172,4
6173,4
6174,1
6175,2
6176,2
6177,2
6178,2
6179,2
6180,2
6181,5
6182,2
6183,2
6184,5
6185,1
6186,3
6187,4
6188,2
6189,2
6190,0
6191,2
6192,4
6193,1
6194,4
6195,2
6196,5
6197,2
6198,4
6199,4
6200,0
6201,0
6202,5
6203,0
6204,4
6205,4
6206,2
6207,1
6208,3
6209,0
6210,0
6211,4
6212,0
6213,0
6214,5
6215,2
6216,0
6217,2
6218,2
6219,4
6220,1
6221,1
6222,1
6223,3
6224,2
6225,1
6226,2
6227,2
6228,5
6229,2
6230,1
6231,4
6232,1
6233,1
6234,2
6235,1
6236,1
6237,5
6238,2
6239,2
6240,4
6241,4
6242,4
6243,2
6244,2
6245,1
6246,1
6247,1
6248,4
6249,4
6250,2
6251,4
6252,3
6253,4
6254,1
6255,2
6256,1
6257,1
6258,5
6259,4
6260,1
6261,1
6262,1
6263,1
6264,1
6265,3
6266,1
6267,2
6268,1
6269,1
6270,4
6271,1
6272,1
6273,3
6274,4
6275,3
6276,2
6277,2
6278,2
6279,2
6280,5
6281,2
6282,5
6283,1
6284,1
6285,4
6286,5
6287,1
6288,1
6289,1
6290,1
6291,1
6292,2
6293,5
6294,4
6295,3
6296,4
6297,1
6298,1
6299,1
6300,1
6301,4
6302,1
6303,1
6304,4
6305,1
6306,2
6307,2
6308,1
6309,1
6310,1
6311,2
6312,1
6313,4
6314,1
6315,1
6316,1
6317,4
6318,1
6319,0
6320,1
6321,1
6322,4
6323,4
6324,1
6325,1
6326,1
6327,1
6328,1
6329,1
6330,1
6331,1
6332,4
6333,1
6334,1
6335,1
6336,1
6337,4
6338,4
6339,1
6340,1
6341,4
6342,4
6343,4
6344,1
6345,1
6346,1
6347,1
6348,1
6349,1
6350,0
6351,1
6352,1
6353,1
6354,1
6355,1
6356,1
6357,1
6358,1
6359,5
6360,1
6361,2
6362,5
6363,5
6364,2
6365,1
6366,2
6367,4
6368,4
6369,1
6370,2
6371,2
6372,2
6373,4
6374,2
6375,1
6376,5
6377,5
6378,5
6379,5
6380,4
6381,1
6382,4
6383,4
6384,1
6385,3
6386,1
6387,1
6388,1
6389,1
6390,2
6391,1
6392,1
6393,4
6394,1
6395,2
6396,4
6397,1
6398,1
6399,4
6400,4
6401,2
6402,1
6403,4
6404,4
6405,2
6406,1
6407,1
6408,1
6409,1
6410,4
6411,1
6412,1
6413,1
6414,1
6415,1
6416,1
6417,1
6418,2
6419,2
6420,1
6421,1
6422,2
6423,4
6424,4
6425,1
6426,1
6427,5
6428,1
6429,1
6430,5
6431,4
6432,4
6433,5
6434,2
6435,2
6436,4
6437,4
6438,5
6439,1
6440,1
6441,5
6442,1
6443,3
6444,4
6445,4
6446,1
6447,5
6448,2
6449,5
6450,2
6451,2
6452,1
6453,1
6454,1
6455,4
6456,4
6457,1
6458,4
6459,4
6460,1
6461,1
6462,1
6463,1
6464,5
6465,3
6466,1
6467,2
6468,1
6469,1
6470,1
6471,2
6472,1
6473,2
6474,1
6475,2
6476,1
6477,1
6478,4
6479,4
6480,4
6481,1
6482,2
6483,4
6484,5
6485,5
6486,1
6487,2
6488,1
6489,1
6490,5
6491,5
6492,5
6493,5
6494,5
6495,2
6496,5
6497,5
6498,5
6499,1
6500,1
6501,1
6502,1
6503,5
6504,5
6505,5
6506,2
6507,5
6508,1
6509,1
6510,1
6511,4
6512,2
6513,2
6514,5
6515,2
6516,5
6517,5
6518,1
6519,5
6520,5
6521,4
6522,5
6523,1
6524,1
6525,5
6526,5
6527,4
6528,1
6529,4
6530,1
6531,1
6532,4
6533,1
6534,1
6535,1
6536,5
6537,1
6538,5
6539,5
6540,5
6541,5
6542,5
6543,5
6544,2
6545,4
6546,5
6547,2
6548,2
6549,2
6550,5
6551,1
6552,1
6553,2
6554,5
6555,5
6556,5
6557,5
6558,5
6559,5
6560,5
6561,2
6562,5
6563,1
6564,5
6565,3
6566,5
6567,5
6568,5
6569,5
6570,2
6571,5
6572,5
6573,2
6574,2
6575,1
6576,1
6577,1
6578,2
6579,1
6580,4
6581,5
6582,1
6583,1
6584,1
6585,4
6586,4
6587,4
6588,1
6589,1
6590,4
6591,1
6592,1
6593,1
6594,5
6595,1
6596,5
6597,1
6598,5
6599,1
6600,1
6601,1
6602,1
6603,1
6604,1
6605,1
6606,1
6607,5
6608,5
6609,1
6610,4
6611,1
6612,1
6613,1
6614,5
6615,5
6616,5
6617,5
6618,5
6619,5
6620,5
6621,1
6622,1
6623,1
6624,5
6625,1
6626,1
6627,1
6628,1
6629,1
6630,1
6631,1
6632,1
6633,1
6634,1
6635,5
6636,1
6637,1
6638,4
6639,4
6640,1
6641,1
6642,1
6643,1
6644,1
6645,1
6646,1
6647,1
6648,1
6649,1
6650,4
6651,4
6652,1
6653,1
6654,1
6655,1
6656,1
6657,1
6658,1
6659,1
6660,1
6661,1
6662,1
6663,1
6664,1
6665,1
6666,1
6667,1
6668,1
6669,1
6670,1
6671,1
6672,3
6673,1
6674,1
6675,1
6676,1
6677,1
6678,1
6679,1
6680,1
6681,1
6682,1
6683,1
6684,1
6685,4
6686,1
6687,1
6688,1
6689,4
6690,3
6691,4
6692,4
6693,4
6694,5
6695,4
6696,4
6697,4
6698,4
6699,4
6700,2
6701,1
6702,1
6703,1
6704,1
6705,1
6706,1
6707,4
6708,1
6709,1
6710,1
6711,1
6712,1
6713,1
6714,1
6715,1
6716,1
6717,1
6718,1
6719,1
6720,1
6721,1
6722,5
6723,3
6724,1
6725,1
6726,1
6727,5
6728,5
6729,1
6730,1
6731,1
6732,1
6733,1
6734,4
6735,4
6736,1
6737,1
6738,1
6739,1
6740,1
6741,1
6742,1
6743,1
6744,4
6745,1
6746,5
6747,1
6748,5
6749,1
6750,1
6751,5
6752,2
6753,5
6754,5
6755,5
6756,1
6757,1
6758,1
6759,1
6760,5
6761,4
6762,1
6763,2
6764,1
6765,1
6766,1
6767,1
6768,5
6769,5
6770,4
6771,1
6772,2
6773,1
6774,1
6775,1
6776,1
6777,1
6778,1
6779,1
6780,4
6781,4
6782,4
6783,4
6784,1
6785,1
6786,1
6787,4
6788,1
6789,1
6790,1
6791,1
6792,1
6793,1
6794,1
6795,1
6796,1
6797,1
6798,1
6799,1
6800,1
6801,1
6802,1
6803,1
6804,1
6805,5
6806,1
6807,1
6808,1
6809,1
6810,5
6811,4
6812,1
6813,5
6814,1
6815,1
6816,1
6817,5
6818,1
6819,2
6820,2
6821,5
6822,1
6823,1
6824,5
6825,1
6826,1
6827,2
6828,3
6829,1
6830,1
6831,2
6832,1
6833,1
6834,1
6835,5
6836,4
6837,2
6838,5
6839,2
6840,5
6841,5
6842,5
6843,1
6844,1
6845,5
6846,1
6847,5
6848,1
6849,2
6850,1
6851,1
6852,1
6853,4
6854,5
6855,1
6856,1
6857,1
6858,1
6859,4
6860,1
6861,1
6862,1
6863,2
6864,1
6865,1
6866,2
6867,2
6868,5
6869,1
6870,1
6871,1
6872,5
6873,5
6874,5
6875,4
6876,1
6877,1
6878,1
6879,4
6880,1
6881,5
6882,5
6883,5
6884,5
6885,2
6886,5
6887,5
6888,1
6889,5
6890,4
6891,3
6892,3
6893,4
6894,4
6895,1
6896,1
6897,1
6898,1
6899,4
6900,5
6901,4
6902,1
6903,1
6904,1
6905,1
6906,1
6907,1
6908,1
6909,1
6910,1
6911,1
6912,1
6913,1
6914,1
6915,1
6916,1
6917,5
6918,1
6919,1
6920,1
6921,1
6922,2
6923,1
6924,1
6925,5
6926,4
6927,1
6928,1
6929,1
6930,1
6931,1
6932,1
6933,1
6934,1
6935,1
6936,1
6937,1
6938,5
6939,1
6940,1
6941,1
6942,4
6943,5
6944,4
6945,5
6946,1
6947,1
6948,1
6949,1
6950,1
6951,1
6952,5
6953,2
6954,1
6955,1
6956,1
6957,1
6958,1
6959,5
6960,1
6961,5
6962,1
6963,5
6964,3
6965,5
6966,2
6967,5
6968,5
6969,1
6970,1
6971,1
6972,3
6973,5
6974,5
6975,5
6976,4
6977,4
6978,4
6979,4
6980,5
6981,5
6982,5
6983,1
6984,1
6985,5
6986,2
6987,3
6988,2
6989,1
6990,1
6991,1
6992,1
6993,5
6994,5
6995,1
6996,1
6997,5
6998,5
6999,5
7000,5
7001,5
7002,5
7003,5
7004,5
7005,5
7006,1
7007,5
7008,1
7009,2
7010,1
7011,1
7012,2
7013,2
7014,5
7015,5
7016,1
7017,1
7018,5
7019,5
7020,5
7021,5
7022,1
7023,1
7024,1
7025,1
7026,1
7027,3
7028,1
7029,1
7030,1
7031,1
7032,1
7033,1
7034,1
7035,1
7036,1
7037,1
7038,1
7039,1
7040,1
7041,5
7042,5
7043,3
7044,1
7045,1
7046,1
7047,1
7048,1
7049,1
7050,1
7051,5
7052,1
7053,5
7054,1
7055,1
7056,1
7057,1
7058,5
7059,1
7060,5
7061,5
7062,5
7063,1
7064,1
7065,5
7066,1
7067,5
7068,5
7069,5
7070,5
7071,5
7072,5
7073,1
7074,1
7075,1
7076,5
7077,1
7078,1
7079,1
7080,1
7081,5
7082,5
7083,5
7084,1
7085,1
7086,5
7087,1
7088,1
7089,5
7090,5
7091,5
7092,5
7093,1
7094,1
7095,1
7096,5
7097,5
7098,1
7099,5
7100,5
7101,5
7102,5
7103,5
7104,5
7105,1
7106,5
7107,5
7108,1
7109,2
7110,1
7111,1
7112,1
7113,1
7114,1
7115,1
7116,1
7117,5
7118,5
7119,1
7120,1
7121,1
7122,5
7123,2
7124,1
7125,1
7126,1
7127,1
7128,1
7129,1
7130,1
7131,1
7132,1
7133,1
7134,1
7135,1
7136,1
7137,1
7138,1
7139,1
7140,1
7141,1
7142,1
7143,1
7144,1
7145,1
7146,1
7147,1
7148,1
7149,1
7150,1
7151,5
7152,5
7153,1
7154,5
7155,1
7156,5
7157,5
7158,5
7159,1
7160,1
7161,5
7162,5
7163,1
7164,1
7165,1
7166,1
7167,1
7168,1
7169,1
7170,1
7171,1
7172,1
7173,1
7174,1
7175,1
7176,5
7177,5
7178,1
7179,1
7180,1
7181,1
7182,1
7183,1
7184,1
7185,1
7186,1
7187,1
7188,1
7189,1
7190,1
7191,1
7192,1
7193,1
7194,1
7195,1
7196,1
7197,1
7198,1
7199,1
7200,1
7201,1
7202,1
7203,1
7204,3
7205,5
7206,3
7207,5
7208,1
7209,5
7210,5
7211,5
7212,5
7213,1
7214,1
7215,1
7216,1
7217,1
7218,1
7219,1
7220,1
7221,1
7222,1
7223,2
7224,5
7225,5
7226,1
7227,5
7228,1
7229,1
7230,1
7231,1
7232,1
7233,1
7234,5
7235,5
7236,1
7237,5
7238,1
7239,1
7240,1
7241,1
7242,1
7243,5
7244,1
7245,5
7246,1
7247,1
7248,1
7249,1
7250,1
7251,1
7252,1
7253,1
7254,5
7255,5
7256,1
7257,1
7258,1
7259,1
7260,5
7261,1
7262,1
7263,1
7264,1
7265,1
7266,1
7267,1
7268,1
7269,1
7270,1
7271,5
7272,3
7273,5
7274,1
7275,5
7276,5
7277,1
7278,1
7279,1
7280,5
7281,5
7282,1
7283,5
7284,5
7285,1
7286,1
7287,1
7288,5
7289,5
7290,1
7291,1
7292,1
7293,5
7294,1
7295,5
7296,1
7297,5
7298,5
7299,5
7300,5
7301,1
7302,1
7303,5
7304,5
7305,5
7306,5
7307,5
7308,5
7309,1
7310,1
7311,1
7312,1
7313,1
7314,1
7315,5
7316,5
7317,3
7318,1
7319,1
7320,1
7321,1
7322,5
7323,5
7324,5
7325,5
7326,5
7327,1
7328,1
7329,1
7330,1
7331,1
7332,1
7333,1
7334,1
7335,1
7336,1
7337,5
7338,1
7339,5
7340,5
7341,5
7342,5
7343,5
7344,5
7345,1
7346,1
7347,1
7348,1
7349,1
7350,5
7351,1
7352,1
7353,1
7354,5
7355,1
7356,1
7357,1
7358,5
7359,1
7360,5
7361,1
7362,1
7363,1
7364,1
7365,1
7366,1
7367,1
7368,1
7369,1
7370,1
7371,2
7372,5
7373,1
7374,1
7375,1
7376,1
7377,1
7378,1
7379,1
7380,1
7381,1
7382,1
7383,1
7384,1
7385,1
7386,1
7387,1
7388,5
7389,1
7390,1
7391,5
7392,1
7393,1
7394,1
7395,1
7396,1
7397,1
7398,1
7399,1
7400,1
7401,1
7402,1
7403,5
7404,1
7405,1
7406,1
7407,1
7408,1
7409,1
7410,1
7411,1
7412,1
7413,1
7414,1
7415,1
7416,1
7417,1
7418,2
7419,1
7420,3
7421,1
7422,3
7423,5
7424,1
7425,1
7426,1
7427,1
7428,1
7429,1
7430,5
7431,5
7432,1
7433,1
7434,5
7435,5
7436,5
7437,5
7438,1
7439,1
7440,5
7441,1
7442,1
7443,1
7444,1
7445,1
7446,1
7447,1
7448,1
7449,1
7450,1
7451,1
7452,5
7453,1
7454,1
7455,1
7456,5
7457,2
7458,1
7459,1
7460,1
7461,1
7462,4
7463,2
7464,1
7465,1
7466,1
7467,5
7468,5
7469,1
7470,5
7471,5
7472,1
7473,1
7474,1
7475,1
7476,1
7477,1
7478,1
7479,1
7480,1
7481,5
7482,5
7483,5
7484,1
7485,1
7486,5
7487,1
7488,5
7489,1
7490,5
7491,1
7492,1
7493,1
7494,5
7495,5
7496,5
7497,5
7498,1
7499,5
7500,5
7501,5
7502,1
7503,1
7504,5
7505,5
7506,1
7507,1
7508,1
7509,5
7510,5
7511,5
7512,1
7513,1
7514,5
7515,1
7516,1
7517,5
7518,1
7519,5
7520,5
7521,5
7522,5
7523,1
7524,1
7525,1
7526,1
7527,1
7528,1
7529,1
7530,5
7531,1
7532,1
7533,1
7534,1
7535,1
7536,1
7537,1
7538,1
7539,1
7540,2
7541,1
7542,1
7543,1
7544,1
7545,1
7546,1
7547,5
7548,1
7549,1
7550,5
7551,5
7552,1
7553,1
7554,1
7555,1
7556,5
7557,1
7558,5
7559,1
7560,1
7561,5
7562,1
7563,1
7564,1
7565,1
7566,1
7567,1
7568,1
7569,5
7570,1
7571,5
7572,5
7573,5
7574,5
7575,5
7576,5
7577,5
7578,1
7579,5
7580,5
7581,5
7582,5
7583,5
7584,5
7585,1
7586,1
7587,1
7588,1
7589,1
7590,1
7591,1
7592,1
7593,1
7594,1
7595,1
7596,1
7597,1
7598,1
7599,1
7600,1
7601,1
7602,1
7603,1
7604,5
7605,2
7606,5
7607,5
7608,1
7609,1
7610,1
7611,1
7612,1
7613,1
7614,1
7615,1
7616,1
7617,1
7618,1
7619,1
7620,1
7621,1
7622,1
7623,1
7624,1
7625,1
7626,1
7627,1
7628,1
7629,5
7630,1
7631,1
7632,5
7633,1
7634,5
7635,1
7636,1
7637,3
7638,1
7639,1
7640,1
7641,1
7642,5
7643,1
7644,5
7645,5
7646,5
7647,5
7648,1
7649,1
7650,5
7651,1
7652,1
7653,5
7654,5
7655,1
7656,5
7657,5
7658,1
7659,1
7660,1
7661,1
7662,1
7663,1
7664,5
7665,1
7666,2
7667,3
7668,2
7669,1
7670,1
7671,1
7672,3
7673,5
7674,1
7675,5
7676,5
7677,1
7678,2
7679,5
7680,5
7681,5
7682,5
7683,1
7684,4
7685,1
7686,2
7687,5
7688,1
7689,1
7690,1
7691,2
7692,2
7693,1
7694,5
7695,5
7696,5
7697,1
7698,1
7699,5
7700,5
7701,1
7702,1
7703,1
7704,5
7705,5
7706,5
7707,5
7708,5
7709,5
7710,5
7711,5
7712,1
7713,1
7714,1
7715,1
7716,1
7717,5
7718,5
7719,1
7720,1
7721,5
7722,5
7723,5
7724,5
7725,5
7726,5
7727,5
7728,5
7729,5
7730,5
7731,1
7732,5
7733,5
7734,1
7735,5
7736,3
7737,1
7738,5
7739,5
7740,1
7741,1
7742,5
7743,1
7744,1
7745,1
7746,5
7747,1
7748,1
7749,1
7750,1
7751,1
7752,1
7753,5
7754,1
7755,1
7756,5
7757,5
7758,1
7759,1
7760,1
7761,5
7762,5
7763,1
7764,1
7765,1
7766,5
7767,1
7768,1
7769,1
7770,1
7771,1
7772,5
7773,1
7774,5
7775,5
7776,3
7777,3
7778,1
7779,1
7780,2
7781,1
7782,5
7783,4
7784,2
7785,0
7786,1
7787,5
7788,1
7789,2
7790,5
7791,1
7792,4
7793,1
7794,2
7795,5
7796,2
7797,2
7798,5
7799,2
7800,2
7801,2
7802,2
7803,2
7804,2
7805,2
7806,2
7807,2
7808,0
7809,0
7810,4
7811,2
7812,2
7813,3
7814,2
7815,4
7816,4
7817,1
7818,2
7819,4
7820,5
7821,1
7822,5
7823,1
7824,1
7825,5
7826,5
7827,1
7828,4
7829,5
7830,2
7831,2
7832,5
7833,4
7834,5
7835,5
7836,5
7837,4
7838,5
7839,1
7840,0
7841,5
7842,1
7843,4
7844,5
7845,5
7846,2
7847,4
7848,2
7849,5
7850,1
7851,2
7852,5
7853,5
7854,2
7855,2
7856,2
7857,2
7858,3
7859,4
7860,4
7861,0
7862,3
7863,2
7864,2
7865,2
7866,2
7867,0
7868,2
7869,2
7870,2
7871,2
7872,2
7873,2
7874,2
7875,2
7876,4
7877,3
7878,2
7879,2
7880,2
7881,2
7882,2
7883,2
7884,2
7885,0
7886,4
7887,0
7888,2
7889,4
7890,4
7891,0
7892,0
7893,4
7894,2
7895,0
7896,4
7897,0
7898,2
7899,4
7900,4
7901,2
7902,4
7903,2
7904,0
7905,2
7906,4
7907,2
7908,4
7909,2
7910,2
7911,2
7912,4
7913,0
7914,4
7915,0
7916,4
7917,2
7918,4
7919,4
7920,4
7921,0
7922,2
7923,2
7924,2
7925,2
7926,2
7927,2
7928,2
7929,2
7930,2
7931,3
7932,2
7933,4
7934,4
7935,4
7936,5
7937,2
7938,5
7939,2
7940,4
7941,4
7942,2
7943,2
7944,5
7945,2
7946,2
7947,2
7948,4
7949,2
7950,0
7951,4
7952,4
7953,2
7954,4
7955,4
7956,4
7957,2
7958,2
7959,2
7960,3
7961,2
7962,2
7963,2
7964,2
7965,3
7966,5
7967,2
7968,5
7969,2
7970,5
7971,2
7972,4
7973,3
7974,2
7975,2
7976,2
7977,3
7978,2
7979,4
7980,0
7981,2
7982,2
7983,2
7984,5
7985,5
7986,5
7987,2
7988,5
7989,5
7990,5
7991,2
7992,5
7993,4
7994,5
7995,4
7996,5
7997,4
7998,1
7999,2
8000,5
8001,5
8002,4
8003,5
8004,4
8005,4
8006,5
8007,5
8008,5
8009,1
8010,5
8011,5
8012,5
8013,2
8014,1
8015,5
8016,2
8017,2
8018,4
8019,5
8020,5
8021,5
8022,2
8023,5
8024,1
8025,5
8026,5
8027,2
8028,1
8029,5
8030,5
8031,1
8032,5
8033,1
8034,5
8035,5
8036,5
8037,5
8038,5
8039,1
8040,5
8041,5
8042,2
8043,5
8044,5
8045,5
8046,1
8047,1
8048,5
8049,5
8050,5
8051,1
8052,5
8053,5
8054,5
8055,1
8056,5
8057,5
8058,5
8059,1
8060,5
8061,1
8062,1
8063,5
8064,5
8065,1
8066,1
8067,5
8068,5
8069,5
8070,5
8071,5
8072,5
8073,5
8074,5
8075,5
8076,5
8077,5
8078,1
8079,1
8080,5
8081,5
8082,5
8083,1
8084,1
8085,5
8086,5
8087,1
8088,5
8089,1
8090,1
8091,1
8092,5
8093,5
8094,5
8095,5
8096,5
8097,5
8098,1
8099,1
8100,5
8101,1
8102,5
8103,5
8104,5
8105,5
8106,5
8107,5
8108,1
8109,5
8110,1
8111,3
8112,1
8113,5
8114,5
8115,5
8116,5
8117,4
8118,5
8119,5
8120,2
8121,5
8122,2
8123,5
8124,5
8125,2
8126,1
8127,2
8128,1
8129,1
8130,1
8131,4
8132,1
8133,5
8134,1
8135,5
8136,1
8137,1
8138,5
8139,5
8140,1
8141,1
8142,5
8143,4
8144,5
8145,2
8146,2
8147,2
8148,0
8149,4
8150,4
8151,5
8152,2
8153,5
8154,2
8155,5
8156,5
8157,1
8158,1
8159,1
8160,1
8161,5
8162,5
8163,1
8164,1
8165,5
8166,1
8167,1
8168,1
8169,1
8170,5
8171,5
8172,5
8173,5
8174,5
8175,5
8176,5
8177,5
8178,5
8179,1
8180,2
8181,2
8182,4
8183,1
8184,2
8185,5
8186,5
8187,2
8188,4
8189,2
8190,3
8191,2
8192,2
8193,2
8194,2
8195,4
8196,4
8197,2
8198,4
8199,2
8200,3
8201,2
8202,3
8203,0
8204,2
8205,2
8206,2
8207,3
8208,2
8209,0
8210,2
8211,0
8212,2
8213,0
8214,2
8215,2
8216,2
8217,2
8218,2
8219,2
8220,4
8221,2
8222,0
8223,2
8224,2
8225,0
8226,3
8227,3
8228,2
8229,2
8230,2
8231,0
8232,2
8233,4
8234,2
8235,3
8236,2
8237,0
8238,0
8239,2
8240,0
8241,2
8242,4
8243,2
8244,3
8245,2
8246,0
8247,2
8248,2
8249,3
8250,2
8251,2
8252,0
8253,2
8254,2
8255,2
8256,0
8257,2
8258,3
8259,2
8260,4
8261,2
8262,4
8263,2
8264,0
8265,4
8266,4
8267,0
8268,0
8269,2
8270,0
8271,4
8272,3
8273,0
8274,4
8275,0
8276,2
8277,2
8278,3
8279,2
8280,2
8281,2
8282,2
8283,0
8284,0
8285,2
8286,2
8287,0
8288,2
8289,2
8290,2
8291,2
8292,4
8293,2
8294,0
8295,2
8296,0
8297,4
8298,4
8299,4
8300,4
8301,4
8302,4
8303,4
8304,4
8305,4
8306,2
8307,2
8308,2
8309,2
8310,3
8311,2
8312,2
8313,0
8314,0
8315,4
8316,0
8317,2
8318,5
8319,2
8320,2
8321,0
8322,2
8323,2
8324,2
8325,4
8326,2
8327,2
8328,2
8329,3
8330,4
8331,2
8332,5
8333,2
8334,2
8335,0
8336,4
8337,4
8338,4
8339,0
8340,4
8341,3
8342,2
8343,0
8344,4
8345,4
8346,4
8347,4
8348,2
8349,4
8350,4
8351,2
8352,4
8353,2
8354,2
8355,2
8356,2
8357,3
8358,4
8359,4
8360,4
8361,4
8362,4
8363,4
8364,4
8365,4
8366,4
8367,2
8368,2
8369,2
8370,4
8371,2
8372,4
8373,2
8374,2
8375,4
8376,4
8377,4
8378,3
8379,4
8380,4
8381,0
8382,2
8383,2
8384,2
8385,2
8386,4
8387,4
8388,3
8389,0
8390,2
8391,4
8392,5
8393,2
8394,4
8395,4
8396,4
8397,5
8398,0
8399,4
8400,4
8401,5
8402,5
8403,2
8404,4
8405,2
8406,2
8407,0
8408,2
8409,0
8410,4
8411,4
8412,4
8413,0
8414,2
8415,4
8416,2
8417,2
8418,2
8419,4
8420,4
8421,5
8422,2
8423,2
8424,4
8425,2
8426,4
8427,2
8428,4
8429,4
8430,1
8431,4
8432,5
8433,5
8434,2
8435,4
8436,4
8437,4
8438,1
8439,5
8440,5
8441,5
8442,2
8443,5
8444,4
8445,5
8446,5
8447,5
8448,5
8449,4
8450,5
8451,5
8452,2
8453,1
8454,1
8455,3
8456,5
8457,5
8458,5
8459,5
8460,2
8461,2
8462,2
8463,4
8464,1
8465,1
8466,2
8467,5
8468,5
8469,5
8470,1
8471,1
8472,5
8473,1
8474,5
8475,5
8476,1
8477,5
8478,1
8479,1
8480,4
8481,2
8482,1
8483,5
8484,5
8485,2
8486,5
8487,5
8488,1
8489,5
8490,5
8491,1
8492,5
8493,1
8494,1
8495,5
8496,5
8497,5
8498,5
8499,5
8500,5
8501,5
8502,1
8503,5
8504,5
8505,5
8506,1
8507,5
8508,5
8509,2
8510,1
8511,1
8512,1
8513,5
8514,5
8515,5
8516,5
8517,5
8518,1
8519,5
8520,1
8521,1
8522,5
8523,5
8524,5
8525,1
8526,5
8527,5
8528,5
8529,5
8530,1
8531,1
8532,5
8533,5
8534,5
8535,1
8536,5
8537,5
8538,1
8539,5
8540,5
8541,5
8542,5
8543,5
8544,5
8545,5
8546,5
8547,5
8548,5
8549,1
8550,5
8551,5
8552,1
8553,1
8554,1
8555,1
8556,5
8557,1
8558,1
8559,1
8560,1
8561,5
8562,1
8563,1
8564,1
8565,1
8566,5
8567,1
8568,1
8569,1
8570,1
8571,1
8572,1
8573,1
8574,5
8575,5
8576,5
8577,5
8578,1
8579,5
8580,5
8581,1
8582,5
8583,5
8584,1
8585,5
8586,5
8587,5
8588,1
8589,1
8590,1
8591,1
8592,5
8593,5
8594,5
8595,5
8596,5
8597,2
8598,1
8599,5
8600,1
8601,1
8602,1
8603,5
8604,5
8605,5
8606,5
8607,5
8608,5
8609,1
8610,5
8611,1
8612,5
8613,5
8614,1
8615,1
8616,5
8617,5
8618,5
8619,5
8620,5
8621,5
8622,5
8623,1
8624,5
8625,5
8626,5
8627,5
8628,5
8629,5
8630,2
8631,5
8632,1
8633,5
8634,5
8635,1
8636,5
8637,5
8638,5
8639,5
8640,5
8641,5
8642,5
8643,5
8644,1
8645,5
8646,5
8647,5
8648,1
8649,3
8650,1
8651,1
8652,5
8653,5
8654,5
8655,5
8656,5
8657,1
8658,5
8659,1
8660,5
8661,5
8662,1
8663,1
8664,1
8665,5
8666,1
8667,5
8668,5
8669,5
8670,5
8671,5
8672,5
8673,1
8674,5
8675,5
8676,5
8677,5
8678,1
8679,5
8680,5
8681,5
8682,5
8683,1
8684,5
8685,5
8686,1
8687,5
8688,1
8689,1
8690,5
8691,1
8692,5
8693,1
8694,5
8695,5
8696,5
8697,5
8698,5
8699,1
8700,5
8701,1
8702,5
8703,5
8704,1
8705,5
8706,5
8707,1
8708,5
8709,5
8710,5
8711,5
8712,5
8713,5
8714,5
8715,5
8716,5
8717,1
8718,5
8719,1
8720,5
8721,5
8722,1
8723,1
8724,5
8725,1
8726,5
8727,5
8728,1
8729,5
8730,5
8731,5
8732,1
8733,5
8734,1
8735,1
8736,1
8737,1
8738,5
8739,1
8740,5
8741,1
8742,5
8743,1
8744,1
8745,5
8746,1
8747,1
8748,1
8749,1
8750,1
8751,5
8752,1
8753,5
8754,5
8755,5
8756,1
8757,5
8758,5
8759,5
8760,5
8761,5
8762,5
8763,5
8764,5
8765,5
8766,5
8767,5
8768,1
8769,5
8770,5
8771,1
8772,5
8773,5
8774,5
8775,1
8776,5
8777,1
8778,5
8779,5
8780,1
8781,1
8782,5
8783,5
8784,5
8785,5
8786,5
8787,5
8788,5
8789,1
8790,1
8791,5
8792,5
8793,5
8794,5
8795,5
8796,1
8797,5
8798,5
8799,5
8800,1
8801,5
8802,1
8803,1
8804,5
8805,5
8806,5
8807,1
8808,1
8809,5
8810,1
8811,5
8812,5
8813,5
8814,5
8815,1
8816,5
8817,5
8818,5
8819,1
8820,5
8821,5
8822,1
8823,1
8824,1
8825,5
8826,5
8827,1
8828,5
8829,5
8830,1
8831,5
8832,5
8833,5
8834,5
8835,1
8836,5
8837,1
8838,1
8839,1
8840,1
8841,5
8842,1
8843,5
8844,5
8845,1
8846,5
8847,5
8848,5
8849,5
8850,5
8851,1
8852,5
8853,1
8854,5
8855,5
8856,1
8857,5
8858,1
8859,5
8860,5
8861,5
8862,5
8863,1
8864,5
8865,1
8866,5
8867,1
8868,1
8869,1
8870,5
8871,5
8872,1
8873,1
8874,5
8875,1
8876,1
8877,5
8878,1
8879,5
8880,1
8881,1
8882,1
8883,1
8884,1
8885,1
8886,1
8887,5
8888,5
8889,5
8890,5
8891,5
8892,5
8893,5
8894,5
8895,1
8896,1
8897,5
8898,5
8899,5
8900,5
8901,1
8902,5
8903,5
8904,1
8905,5
8906,1
8907,1
8908,1
8909,5
8910,5
8911,1
8912,5
8913,5
8914,5
8915,5
8916,1
8917,5
8918,5
8919,1
8920,5
8921,5
8922,5
8923,5
8924,1
8925,5
8926,1
8927,1
8928,5
8929,1
8930,5
8931,1
8932,5
8933,1
8934,5
8935,5
8936,1
8937,1
8938,5
8939,1
8940,1
8941,5
8942,5
8943,1
8944,1
8945,5
8946,5
8947,5
8948,1
8949,1
8950,1
8951,5
8952,5
8953,5
8954,5
8955,5
8956,5
8957,5
8958,5
8959,5
8960,1
8961,5
8962,5
8963,1
8964,1
8965,1
8966,5
8967,1
8968,5
8969,5
8970,5
8971,5
8972,1
8973,5
8974,5
8975,5
8976,5
8977,5
8978,5
8979,0
8980,2
8981,2
8982,2
8983,2
8984,5
8985,5
8986,5
8987,5
8988,5
8989,5
8990,5
8991,5
8992,2
8993,5
8994,5
8995,5
8996,5
8997,5
8998,5
8999,2
9000,3
9001,1
9002,5
9003,5
9004,5
9005,1
9006,5
9007,5
9008,1
9009,5
9010,1
9011,5
9012,1
9013,2
9014,1
9015,5
9016,5
9017,2
9018,0
9019,5
9020,5
9021,5
9022,5
9023,5
9024,5
9025,5
9026,5
9027,5
9028,5
9029,3
9030,5
9031,1
9032,1
9033,5
9034,2
9035,5
9036,5
9037,5
9038,5
9039,5
9040,1
9041,5
9042,5
9043,1
9044,2
9045,1
9046,5
9047,2
9048,0
9049,3
9050,2
9051,2
9052,2
9053,2
9054,3
9055,3
9056,0
9057,2
9058,0
9059,0
9060,2
9061,0
9062,2
9063,2
9064,2
9065,2
9066,0
9067,2
9068,2
9069,0
9070,2
9071,2
9072,2
9073,2
9074,5
9075,2
9076,2
9077,2
9078,2
9079,2
9080,2
9081,2
9082,2
9083,0
9084,2
9085,5
9086,2
9087,2
9088,2
9089,0
9090,2
9091,3
9092,0
9093,2
9094,2
9095,2
9096,2
9097,2
9098,5
9099,5
9100,5
9101,2
9102,0
9103,2
9104,2
9105,2
9106,0
9107,2
9108,2
9109,3
9110,5
9111,2
9112,2
9113,5
9114,5
9115,5
9116,2
9117,3
9118,2
9119,5
9120,2
9121,2
9122,5
9123,5
9124,2
9125,5
9126,2
9127,1
9128,2
9129,1
9130,2
9131,2
9132,1
9133,5
9134,5
9135,5
9136,2
9137,2
9138,5
9139,2
9140,5
9141,2
9142,1
9143,1
9144,5
9145,5
9146,2
9147,5
9148,5
9149,5
9150,5
9151,5
9152,5
9153,1
9154,2
9155,5
9156,5
9157,2
9158,5
9159,5
9160,5
9161,5
9162,5
9163,5
9164,5
9165,5
9166,5
9167,5
9168,5
9169,5
9170,5
9171,1
9172,5
9173,5
9174,5
9175,5
9176,5
9177,5
9178,5
9179,5
9180,5
9181,5
9182,1
9183,5
9184,5
9185,5
9186,5
9187,1
9188,5
9189,1
9190,5
9191,5
9192,5
9193,5
9194,5
9195,1
9196,5
9197,5
9198,1
9199,5
9200,1
9201,5
9202,5
9203,5
9204,5
9205,1
9206,5
9207,5
9208,5
9209,1
9210,5
9211,5
9212,5
9213,5
9214,5
9215,1
9216,1
9217,5
9218,5
9219,1
9220,5
9221,5
9222,5
9223,5
9224,5
9225,5
9226,1
9227,5
9228,5
9229,1
9230,5
9231,5
9232,1
9233,5
9234,5
9235,1
9236,1
9237,5
9238,5
9239,5
9240,5
9241,5
9242,5
9243,1
9244,1
9245,5
9246,5
9247,5
9248,5
9249,5
9250,3
9251,5
9252,5
9253,5
9254,5
9255,5
9256,5
9257,5
9258,5
9259,5
9260,1
9261,5
9262,1
9263,1
9264,1
9265,5
9266,5
9267,5
9268,5
9269,5
9270,1
9271,1
9272,5
9273,5
9274,5
9275,5
9276,5
9277,1
9278,1
9279,5
9280,5
9281,3
9282,1
9283,5
9284,5
9285,5
9286,5
9287,2
9288,5
9289,5
9290,5
9291,5
9292,5
9293,1
9294,1
9295,5
9296,2
9297,5
9298,5
9299,2
9300,2
9301,1
9302,5
9303,2
9304,5
9305,5
9306,5
9307,5
9308,5
9309,5
9310,5
9311,1
9312,5
9313,5
9314,5
9315,5
9316,5
9317,2
9318,5
9319,2
9320,1
9321,5
9322,1
9323,1
9324,5
9325,1
9326,5
9327,5
9328,5
9329,5
9330,5
9331,5
9332,1
9333,5
9334,5
9335,5
9336,5
9337,5
9338,5
9339,5
9340,2
9341,2
9342,2
9343,5
9344,2
9345,5
9346,5
9347,5
9348,5
9349,5
9350,1
9351,2
9352,2
9353,3
9354,0
9355,2
9356,2
9357,2
9358,2
9359,0
9360,2
9361,0
9362,2
9363,2
9364,2
9365,2
9366,2
9367,2
9368,3
9369,2
9370,2
9371,2
9372,2
9373,3
9374,2
9375,2
9376,0
9377,0
9378,2
9379,2
9380,2
9381,2
9382,0
9383,2
9384,3
9385,2
9386,2
9387,2
9388,0
9389,2
9390,3
9391,2
9392,2
9393,2
9394,2
9395,2
9396,0
9397,2
9398,0
9399,2
9400,2
9401,0
9402,2
9403,0
9404,2
9405,2
9406,2
9407,0
9408,0
9409,0
9410,0
9411,2
9412,2
9413,2
9414,0
9415,0
9416,2
9417,2
9418,2
9419,2
9420,2
9421,2
9422,2
9423,2
9424,2
9425,2
9426,2
9427,2
9428,2
9429,2
9430,2
9431,2
9432,2
9433,2
9434,2
9435,2
9436,2
9437,3
9438,2
9439,3
9440,5
9441,2
9442,0
9443,0
9444,2
9445,0
9446,0
9447,0
9448,2
9449,2
9450,3
9451,0
9452,2
9453,3
9454,2
9455,5
9456,2
9457,0
9458,2
9459,2
9460,0
9461,0
9462,2
9463,2
9464,0
9465,2
9466,2
9467,0
9468,2
9469,0
9470,0
9471,0
9472,3
9473,2
9474,0
9475,1
9476,5
9477,1
9478,5
9479,5
9480,5
9481,5
9482,1
9483,5
9484,5
9485,1
9486,5
9487,5
9488,5
9489,5
9490,5
9491,1
9492,1
9493,5
9494,5
9495,1
9496,5
9497,5
9498,1
9499,5
9500,1
9501,5
9502,5
9503,1
9504,1
9505,5
9506,5
9507,5
9508,5
9509,5
9510,5
9511,5
9512,5
9513,5
9514,5
9515,5
9516,1
9517,5
9518,5
9519,5
9520,5
9521,5
9522,5
9523,1
9524,5
9525,5
9526,5
9527,5
9528,5
9529,5
9530,5
9531,5
9532,5
9533,5
9534,5
9535,1
9536,5
9537,5
9538,5
9539,5
9540,5
9541,5
9542,5
9543,5
9544,5
9545,5
9546,5
9547,5
9548,5
9549,1
9550,5
9551,1
9552,5
9553,5
9554,5
9555,5
9556,5
9557,5
9558,5
9559,5
9560,5
9561,1
9562,5
9563,5
9564,1
9565,5
9566,1
9567,5
9568,5
9569,5
9570,5
9571,5
9572,5
9573,5
9574,5
9575,5
9576,5
9577,1
9578,5
9579,5
9580,5
9581,1
9582,1
9583,5
9584,5
9585,5
9586,5
9587,5
9588,5
9589,5
9590,5
9591,5
9592,5
9593,1
9594,1
9595,5
9596,5
9597,1
9598,5
9599,5
9600,5
9601,5
9602,5
9603,5
9604,5
9605,1
9606,5
9607,1
9608,5
9609,5
9610,5
9611,5
9612,5
9613,1
9614,5
9615,5
9616,5
9617,1
9618,1
9619,5
9620,1
9621,1
9622,5
9623,1
9624,5
9625,5
9626,5
9627,5
9628,5
9629,5
9630,5
9631,5
9632,5
9633,1
9634,5
9635,5
9636,1
9637,1
9638,5
9639,5
9640,5
9641,5
9642,5
9643,5
9644,5
9645,1
9646,5
9647,5
9648,5
9649,5
9650,5
9651,5
9652,1
9653,5
9654,1
9655,5
9656,5
9657,5
9658,5
9659,5
9660,5
9661,5
9662,1
9663,5
9664,5
9665,1
9666,1
9667,1
9668,5
9669,5
9670,5
9671,5
9672,5
9673,5
9674,5
9675,5
9676,5
9677,5
9678,2
9679,5
9680,5
9681,2
9682,5
9683,5
9684,5
9685,5
9686,5
9687,5
9688,5
9689,2
9690,5
9691,5
9692,5
9693,5
9694,5
9695,5
9696,5
9697,5
9698,5
9699,5
9700,5
9701,5
9702,5
9703,5
9704,5
9705,5
9706,5
9707,5
9708,5
9709,5
9710,5
9711,5
9712,5
9713,5
9714,5
9715,5
9716,5
9717,2
9718,2
9719,2
9720,5
9721,2
9722,5
9723,5
9724,2
9725,5
9726,5
9727,5
9728,5
9729,5
9730,5
9731,5
9732,5
9733,5
9734,2
9735,2
9736,2
9737,5
9738,5
9739,5
9740,5
9741,5
9742,5
9743,5
9744,5
9745,5
9746,5
9747,5
9748,2
9749,5
9750,2
9751,5
9752,3
9753,3
9754,4
9755,3
9756,0
9757,2
9758,2
9759,0
9760,4
9761,0
9762,0
9763,4
9764,0
9765,0
9766,0
9767,3
9768,0
9769,0
9770,4
9771,4
9772,4
9773,0
9774,0
9775,0
9776,4
9777,0
9778,3
9779,2
9780,4
9781,4
9782,4
9783,4
9784,0
9785,4
9786,2
9787,4
9788,0
9789,4
9790,3
9791,2
9792,0
9793,3
9794,4
9795,4
9796,0
9797,4
9798,0
9799,0
9800,2
9801,2
9802,4
9803,0
9804,4
9805,3
9806,0
9807,0
9808,4
9809,4
9810,0
9811,0
9812,4
9813,3
9814,4
9815,4
9816,5
9817,2
9818,2
9819,2
9820,4
9821,0
9822,0
9823,2
9824,5
9825,5
9826,4
9827,4
9828,4
9829,4
9830,4
9831,2
9832,4
9833,0
9834,4
9835,4
9836,2
9837,4
9838,4
9839,4
9840,0
9841,4
9842,3
9843,0
9844,2
9845,2
9846,2
9847,4
9848,4
9849,4
9850,4
9851,4
9852,4
9853,4
9854,0
9855,4
9856,4
9857,0
9858,4
9859,2
9860,4
9861,4
9862,4
9863,2
9864,2
9865,2
9866,4
9867,2
9868,4
9869,2
9870,4
9871,4
9872,2
9873,2
9874,2
9875,2
9876,2
9877,2
9878,3
9879,2
9880,4
9881,4
9882,3
9883,0
9884,4
9885,4
9886,2
9887,2
9888,2
9889,2
9890,2
9891,2
9892,2
9893,2
9894,2
9895,2
9896,2
9897,2
9898,2
9899,2
9900,2
9901,4
9902,2
9903,2
9904,2
9905,2
9906,2
9907,2
9908,2
9909,2
9910,2
9911,2
9912,2
9913,2
9914,2
9915,2
9916,2
9917,2
9918,2
9919,2
9920,2
9921,2
9922,4
9923,3
9924,0
9925,0
9926,2
9927,2
9928,4
9929,4
9930,0
9931,0
9932,0
9933,3
9934,0
9935,3
9936,0
9937,2
9938,0
9939,4
9940,3
9941,4
9942,2
9943,2
9944,2
9945,0
9946,2
9947,2
9948,4
9949,4
9950,0
9951,0
9952,0
9953,0
9954,0
9955,4
9956,2
9957,4
9958,0
9959,4
9960,2
9961,0
9962,4
9963,0
9964,4
9965,4
9966,3
9967,0
9968,0
9969,3
9970,4
9971,4
9972,0
9973,4
9974,4
9975,0
9976,2
9977,4
9978,4
9979,2
9980,4
9981,4
9982,0
9983,4
9984,0
9985,4
9986,4
9987,4
9988,0
9989,4
9990,4
9991,4
9992,4
9993,0
9994,4
9995,4
9996,0
9997,0
9998,0
9999,0
10000,0
