variable,coef,abs,odds_ratio
cat__PRODUCTO_infrequent_sklearn,3.766416917180099,3.766416917180099,43.22490860562107
num__ratio_saldo_capital,-3.099737470965233,3.099737470965233,0.04506103066974423
cat__PRODUCTO_43,3.0941772555104676,3.0941772555104676,22.06907385721984
cat__PRODUCTO_45,-2.377872585569373,2.377872585569373,0.09274768053006698
cat__TIPO_CREDITO_E,2.3578719442307494,2.3578719442307494,10.568437281295978
num__es_ratio_alto,2.2885580663884584,2.2885580663884584,9.860708937536005
cat__AGENCIA_47,2.275427155717595,2.275427155717595,9.732075236400592
cat__PRODUCTO_48,-2.2629129222621054,2.2629129222621054,0.10404696218810078
cat__SUBPRODUCTO_11,2.159194436710712,2.159194436710712,8.66415532102438
cat__TIPO_CREDITO_B,-2.133312250297265,2.133312250297265,0.11844432615348037
cat__PRODUCTO_58,-2.0875280780432752,2.0875280780432752,0.12399325896463302
cat__AGENCIA_61,2.0372298207252717,2.0372298207252717,7.669334313894055
cat__REGION_15,-1.8642592705366041,1.8642592705366041,0.15501098857606824
cat__AGENCIA_78,1.7472509582132403,1.7472509582132403,5.738804757301564
cat__AGENCIA_51,-1.7124097433903382,1.7124097433903382,0.1804304771787263
cat__AGENCIA_5,-1.7048324810198505,1.7048324810198505,0.18180283905076505
cat__PRODUCTO_44,1.6796030360652978,1.6796030360652978,5.3634264616090155
cat__SUBPRODUCTO_4,-1.5022455669782375,1.5022455669782375,0.2226296685829315
cat__SUBPRODUCTO_22,-1.4784040886020244,1.4784040886020244,0.22800126800857914
cat__AGENCIA_111,1.4575107073826221,1.4575107073826221,4.295254065123952
cat__AGENCIA_100,1.4548956826010995,1.4548956826010995,4.284036542742673
cat__REGION_9,1.442543800394426,1.442543800394426,4.2314460921606685
cat__AGENCIA_45,1.4044010809929452,1.4044010809929452,4.073086561646341
cat__AGENCIA_30,-1.3753488963740024,1.3753488963740024,0.25275139637369154
cat__AGENCIA_114,-1.3350491850115025,1.3350491850115025,0.26314523233644826
cat__SUBPRODUCTO_8,1.3208559363304726,1.3208559363304726,3.7466268792750403
cat__AGENCIA_101,-1.2140078826060359,1.2140078826060359,0.2970045315338703
cat__TIPO_CREDITO_C,-1.208487433685328,1.208487433685328,0.2986486638782771
num__CREDITOS_ANTERIORES,-1.1701204770018379,1.1701204770018379,0.31032955143928403
cat__AGENCIA_69,-1.1612665365947947,1.1612665365947947,0.3130893904903726
cat__REGION_14,-1.1612665365947947,1.1612665365947947,0.3130893904903726
cat__SUBPRODUCTO_1,1.1514572395625362,1.1514572395625362,3.162798508259094
cat__AGENCIA_1,-1.1184224121806756,1.1184224121806756,0.32679493588617986
cat__REGION_30,-1.1184224121806756,1.1184224121806756,0.32679493588617986
cat__PRODUCTO_90,-1.1184224121806756,1.1184224121806756,0.32679493588617986
cat__AGENCIA_95,-1.073900050044674,1.073900050044674,0.3416733722937658
cat__TIPO_CREDITO_V,-1.0029550481833587,1.0029550481833587,0.36679394433474904
cat__AGENCIA_103,-0.9955876887790102,0.9955876887790102,0.3695062260590484
cat__SUBPRODUCTO_9,0.9661227446811914,0.9661227446811914,2.627736277819863
num__etapa_num,0.9608412852759542,0.9608412852759542,2.613894579699048
cat__AGENCIA_86,-0.928155218865647,0.928155218865647,0.3952822474020542
cat__PRODUCTO_57,-0.8770195102284886,0.8770195102284886,0.4160210120634716
cat__AGENCIA_115,-0.8430660775545591,0.8430660775545591,0.4303888926297603
cat__ETAPA_M2,-0.8311364124571673,0.8311364124571673,0.4355540359382719
cat__SUBPRODUCTO_24,-0.8007976761133204,0.8007976761133204,0.4489706880486504
cat__AGENCIA_70,0.7926793709905963,0.7926793709905963,2.2093080589131064
cat__AGENCIA_25,-0.7772980354807597,0.7772980354807597,0.4596462829135549
cat__TIPO_CREDITO_D,0.7738484653247025,0.7738484653247025,2.168094053668244
cat__AGENCIA_92,-0.7690575371261844,0.7690575371261844,0.46344964663531846
cat__AGENCIA_18,-0.7343605817148176,0.7343605817148176,0.4798121615783841
num__SALDO_CAPITAL,-0.6815775687416329,0.6815775687416329,0.5058183993177914
cat__AGENCIA_20,0.6788007716566254,0.6788007716566254,1.971512020905158
cat__SUBPRODUCTO_12,-0.6067197471747116,0.6067197471747116,0.5451361237404485
cat__AGENCIA_42,0.6025228319326585,0.6025228319326585,1.8267215033670268
cat__TIPO_CREDITO_infrequent_sklearn,0.5684409418589508,0.5684409418589508,1.7655123682052802
cat__AGENCIA_26,0.5562505239034465,0.5562505239034465,1.744120686214252
cat__ETAPA_M1,-0.5505925936383488,0.5505925936383488,0.5766080148761317
cat__ETAPA_M3,0.5332634702793719,0.5332634702793719,1.7044857805809246
cat__AGENCIA_21,-0.5276212501265901,0.5276212501265901,0.5900067802928706
cat__REGION_11,0.5233615276126852,0.5233615276126852,1.6876913460913048
num__tasa_rel_producto,-0.4987373365608815,0.4987373365608815,0.6072969875065867
cat__SEXO_F,-0.4984754786472746,0.4984754786472746,0.6074560338515381
cat__AGENCIA_7,0.4977321194163194,0.4977321194163194,1.6449864044585112
cat__AGENCIA_105,-0.46398863126046874,0.46398863126046874,0.6287707027568094
cat__AGENCIA_38,-0.4638220207176521,0.4638220207176521,0.6288754713124335
cat__SUBPRODUCTO_infrequent_sklearn,-0.45625878212435395,0.45625878212435395,0.6336498386281912
cat__AGENCIA_35,0.4525763975256728,0.4525763975256728,1.5723579906876533
cat__AGENCIA_13,0.44026011492785433,0.44026011492785433,1.5531111533699238
cat__PRODUCTO_42,-0.4354262205992309,0.4354262205992309,0.6469888483277636
cat__AGENCIA_16,-0.43354273020129025,0.43354273020129025,0.6482085939401472
cat__AGENCIA_22,0.4286071215274708,0.4286071215274708,1.5351178011695583
cat__SUBPRODUCTO_7,-0.42201912720066304,0.42201912720066304,0.655721497156838
cat__AGENCIA_73,0.41723889528636715,0.41723889528636715,1.5177650565462022
cat__AGENCIA_113,-0.40142948375221693,0.40142948375221693,0.6693625189687911
cat__AGENCIA_63,0.4002138457071296,0.4002138457071296,1.492143752061644
cat__AGENCIA_83,0.3965610615073678,0.3965610615073678,1.4867032155426034
cat__REGION_1,0.39527851460731317,0.39527851460731317,1.4847976711784232
cat__AGENCIA_54,0.38458437176721183,0.38458437176721183,1.4690036351558655
cat__SUBPRODUCTO_15,-0.38416443399131084,0.38416443399131084,0.6810194352282628
cat__AGENCIA_82,0.3828728439070885,0.3828728439070885,1.4664915448771512
cat__AGENCIA_29,-0.38011384223553385,0.38011384223553385,0.6837835613320082
cat__AGENCIA_43,-0.37715486018512345,0.37715486018512345,0.6858098610301218
num__TASA_NOMINAL,-0.37332592186058794,0.37332592186058794,0.6884408183627242
cat__AGENCIA_49,-0.3621340022038464,0.3621340022038464,0.6961890707211302
cat__AGENCIA_110,0.36132534404547106,0.36132534404547106,1.4352303285694057
num__ratio_x_creditos,-0.3524774489371292,0.3524774489371292,0.7029444217758283
cat__SEXO_M,-0.3499900571688746,0.3499900571688746,0.7046950963482184
cat__AGENCIA_88,-0.34971966703148466,0.34971966703148466,0.7048856647148803
cat__AGENCIA_60,-0.34677346910124013,0.34677346910124013,0.7069654596406763
cat__AGENCIA_12,-0.34670442990933925,0.34670442990933925,0.707014269649594
cat__AGENCIA_116,-0.3342083335888758,0.3342083335888758,0.7159046197112496
cat__AGENCIA_46,0.3339025114286287,0.3339025114286287,1.3964070032147522
cat__AGENCIA_3,0.31816386729543267,0.31816386729543267,1.3746014950021161
num__log_capital,0.3116541175801332,0.3116541175801332,1.3656822458486397
cat__AGENCIA_48,0.3058255961580239,0.3058255961580239,1.3577454898677648
cat__SUBPRODUCTO_21,0.30061020999357857,0.30061020999357857,1.3506827562756045
cat__AGENCIA_58,-0.29423144833603804,0.29423144833603804,0.7451040183995252
cat__AGENCIA_109,-0.29012926832080926,0.29012926832080926,0.748166847055246
cat__SUBPRODUCTO_3,-0.28957915533880785,0.28957915533880785,0.7485785365780074
cat__TIPO_CREDITO_A,-0.2855120147601312,0.2855120147601312,0.751629310478216
num__saldo_por_credito,-0.28530978399751206,0.28530978399751206,0.7517813284177147
cat__REGION_3,0.283725451260665,0.283725451260665,1.3280682612284351
num__es_saldo_cero,-0.28180989165755604,0.28180989165755604,0.7544170918840396
cat__PRODUCTO_56,-0.2785461723126775,0.2785461723126775,0.7568833198897942
cat__AGENCIA_23,0.26861800116889956,0.26861800116889956,1.3081553317816286
num__log_saldo,-0.266526996704389,0.266526996704389,0.7660353230178728
cat__SUBPRODUCTO_16,-0.2587057180336179,0.2587057180336179,0.7720501900645631
cat__REGION_12,0.2538384684136666,0.2538384684136666,1.2889635791191267
cat__AGENCIA_84,0.2436013115767922,0.2436013115767922,1.2758355682064169
cat__SUBPRODUCTO_5,-0.24266029451215482,0.24266029451215482,0.7845379803662651
cat__AGENCIA_98,0.2323651100869118,0.2323651100869118,1.2615802604293787
cat__REGION_8,0.2262525311101559,0.2262525311101559,1.2538922721074586
cat__AGENCIA_71,0.22058104841614498,0.22058104841614498,1.2468009718873374
cat__AGENCIA_52,0.21970803906264894,0.21970803906264894,1.24571297796047
cat__AGENCIA_104,-0.21395952103726432,0.21395952103726432,0.8073810663093214
cat__SUBPRODUCTO_6,-0.2126624614418325,0.2126624614418325,0.8084289671165339
cat__AGENCIA_55,0.2116241854420335,0.2116241854420335,1.2356834099912082
cat__AGENCIA_93,-0.20723379049648644,0.20723379049648644,0.8128295959372283
cat__AGENCIA_33,0.20542124161131858,0.20542124161131858,1.2280422585235533
cat__REGION_7,0.20403582748305457,0.20403582748305457,1.2263420894195762
cat__AGENCIA_64,0.20109530610326573,0.20109530610326573,1.2227413009789674
cat__SUBPRODUCTO_10,0.19792102933126035,0.19792102933126035,1.2188661353470822
cat__AGENCIA_40,0.19335060479784896,0.19335060479784896,1.2133081106005037
cat__AGENCIA_57,0.19328792663086855,0.19328792663086855,1.2132320650553714
cat__AGENCIA_102,-0.18550380294664418,0.18550380294664418,0.8306856765216099
cat__SUBPRODUCTO_2,-0.1831925948408543,0.1831925948408543,0.8326077843305167
cat__AGENCIA_90,0.1761216290633961,0.1761216290633961,1.1925831025955018
cat__AGENCIA_9,0.1715497326623818,0.1715497326623818,1.1871431810552315
cat__AGENCIA_106,0.16529260229717127,0.16529260229717127,1.1797382623396402
cat__AGENCIA_97,0.16367015763062237,0.16367015763062237,1.1778257541768467
cat__AGENCIA_96,-0.1629889856102216,0.1629889856102216,0.8496005461946268
cat__REGION_6,-0.15382439469307446,0.15382439469307446,0.8574225757465441
cat__AGENCIA_75,-0.14762839314585932,0.14762839314585932,0.8627516598102284
cat__AGENCIA_6,0.1454507528515748,0.1454507528515748,1.1565607758594818
cat__REGION_10,0.1449317721188231,0.1449317721188231,1.1559606988282318
cat__AGENCIA_91,0.14347885847656175,0.14347885847656175,1.154282407260577
cat__AGENCIA_85,0.13513461135115534,0.13513461135115534,1.1446908623643952
cat__AGENCIA_28,-0.12859000538847506,0.12859000538847506,0.8793344140210447
cat__REGION_13,0.12736439580759654,0.12736439580759654,1.1358308343745767
cat__REGION_2,-0.12627842371637873,0.12627842371637873,0.881369418469477
cat__AGENCIA_14,-0.12454439642722694,0.12454439642722694,0.8828990629322632
cat__AGENCIA_66,0.11917422562871978,0.11917422562871978,1.1265661778917677
cat__AGENCIA_31,0.10867670240277606,0.10867670240277606,1.1148018793059173
cat__SUBPRODUCTO_17,-0.10721748607404509,0.10721748607404509,0.8983302774179363
cat__AGENCIA_94,-0.10707288890356975,0.10707288890356975,0.8984601828259541
cat__AGENCIA_76,-0.09553695006607138,0.09553695006607138,0.9088847776806235
cat__AGENCIA_32,0.08733518515104695,0.08733518515104695,1.0912623933741152
cat__AGENCIA_17,0.08691871795874383,0.08691871795874383,1.090808013012905
cat__AGENCIA_80,0.0857931745685616,0.0857931745685616,1.0895809519486772
cat__PRODUCTO_41,0.08489426866373964,0.08489426866373964,1.0886019612733597
cat__AGENCIA_39,0.08294691776386105,0.08294691776386105,1.086484134010142
cat__AGENCIA_37,-0.08193756624409212,0.08193756624409212,0.9213294789605271
cat__TIPO_CREDITO_F,0.08163985969552494,0.08163985969552494,1.0850649638276264
cat__AGENCIA_74,-0.0776582533128519,0.0776582533128519,0.9252805840918608
cat__AGENCIA_56,-0.07254322456643066,0.07254322456643066,0.9300255458404648
cat__AGENCIA_11,0.07153761339394016,0.07153761339394016,1.0741585526902777
num__capital_por_credito,0.06124976661922011,0.06124976661922011,1.0631644240119298
cat__AGENCIA_19,0.0552732416655909,0.0552732416655909,1.0568293450375987
cat__AGENCIA_53,-0.05473346546608452,0.05473346546608452,0.9467374525537025
num__CAPITAL_CONCEDIDO,-0.053433893167959254,0.053433893167959254,0.9479686061339093
cat__AGENCIA_89,-0.047441589045953976,0.047441589045953976,0.9536661760569649
cat__AGENCIA_68,-0.03496133563471309,0.03496133563471309,0.9656427514998708
cat__AGENCIA_67,-0.033754272633157154,0.033754272633157154,0.9668090468923277
cat__AGENCIA_34,-0.03149724507865318,0.03149724507865318,0.9689936259512876
cat__AGENCIA_79,-0.031196256521979614,0.031196256521979614,0.9692853258411508
cat__AGENCIA_8,0.021848188657770676,0.021848188657770676,1.0220886080485008
cat__PRODUCTO_40,-0.020312051315863458,0.020312051315863458,0.9798928487399032
cat__REGION_5,-0.015699755449981208,0.015699755449981208,0.9844228432820554
cat__PRODUCTO_81,-0.015517060724006111,0.015517060724006111,0.9846027085733722
cat__AGENCIA_99,-0.013933825461112341,0.013933825461112341,0.9861628009722943
cat__AGENCIA_87,-0.012582500130993157,0.012582500130993157,0.9874963285567437
cat__REGION_4,-0.010286110115499411,0.010286110115499411,0.9897666109952633
cat__AGENCIA_77,-0.004240497051013675,0.004240497051013675,0.9957684811614284
cat__AGENCIA_36,-0.0015181666331049624,0.0015181666331049624,0.9984829851988932
cat__REGION_infrequent_sklearn,0.00023907866240056836,0.00023907866240056836,1.0002391072439816
cat__AGENCIA_infrequent_sklearn,0.00023907866240056836,0.00023907866240056836,1.0002391072439816
